Rank,Name,Team,Fantasy Position,PPR,Age,G,GS,Cmp,Att,Yds,TD,Int,Att,Yds,Y/A,TD,Tgt,Rec,Yds,Y/R,TD,Fmb,FL,TD,2PM,2PP,FantPt,DKPt,FDPt,VBD,PosRank,OvRank
1,TODD GURLEY,LAR,RB,372.1,24,14,14,0,0,0,0,0,256,1251,4.89,17,81,59,580,9.83,4,1,1,21,3,,313,379.1,342.6,178,1,1
2,SAQUON BARKLEY,NYG,RB,385.8,21,16,16,0,0,0,0,0,261,1307,5.01,11,121,91,721,7.92,4,0,0,15,1,,295,391.8,340.3,159,2,2
3,CHRISTIAN MCCAFFREY,CAR,RB,385.5,22,16,16,1,1,50,1,0,219,1098,5.01,7,124,107,867,8.1,6,4,1,13,,,279,392.5,332,143,3,3
4,ALVIN KAMARA,NOR,RB,354.2,23,15,13,0,0,0,0,0,194,883,4.55,14,105,81,709,8.75,4,1,0,18,3,,273,360.2,313.7,138,4,4
5,PATRICK MAHOMES,KAN,QB,417.1,23,16,16,383,580,5097,50,12,60,272,4.53,2,0,0,0,,0,9,2,2,1,,417,437.1,429.1,134,1,5
6,TYREEK HILL,KAN,WR,334,24,16,16,0,0,0,0,0,22,151,6.86,1,137,87,1479,17,12,0,0,14,,,247,340,290.5,131,1,6
7,EZEKIEL ELLIOTT,DAL,RB,329.1,23,15,15,0,0,0,0,0,304,1434,4.72,6,95,77,567,7.36,3,6,1,9,,,252,336.1,290.6,117,5,7
8,TRAVIS KELCE,KAN,TE,294.6,29,16,16,0,0,0,0,0,0,0,,0,150,103,1336,12.97,10,2,1,10,,,192,298.6,243.1,109,1,8
9,ANTONIO BROWN,PIT,WR,323.7,30,15,15,0,1,0,0,0,0,0,,0,168,104,1297,12.47,15,0,0,15,,,220,326.7,271.7,103,2,9
10,DAVANTE ADAMS,GNB,WR,329.6,26,15,15,0,0,0,0,0,0,0,,0,169,111,1386,12.49,13,0,0,13,1,,219,332.6,274.1,102,3,10
11,DEANDRE HOPKINS,HOU,WR,333.5,26,16,16,0,1,0,0,0,1,-7,-7,0,163,115,1572,13.67,11,2,2,11,,,219,338.5,276,102,4,11
12,JULIO JONES,ATL,WR,325.9,29,16,16,0,0,0,0,0,2,12,6,0,170,113,1677,14.84,8,2,2,8,,,213,330.9,269.4,97,5,12
13,MELVIN GORDON,LAC,RB,275.5,25,12,12,0,0,0,0,0,175,885,5.06,10,66,50,490,9.8,4,1,0,14,2,,226,281.5,250.5,90,6,13
14,JAMES CONNER,PIT,RB,280,23,13,12,0,0,0,0,0,215,973,4.53,12,71,55,497,9.04,1,4,2,13,2,,225,288,252.5,90,7,14
15,MIKE EVANS,TAM,WR,290.4,25,16,16,0,0,0,0,0,0,0,,0,138,86,1524,17.72,8,2,1,9,,,204,294.4,247.4,88,6,15
16,GEORGE KITTLE,SFO,TE,258.7,25,16,16,0,0,0,0,0,1,10,10,0,136,88,1377,15.65,5,0,0,5,1,,171,261.7,214.7,88,2,16
17,ZACH ERTZ,PHI,TE,280.3,28,16,16,0,0,0,0,0,0,0,,0,156,116,1163,10.03,8,1,0,8,,,164,283.3,222.3,81,3,17
18,ADAM THIELEN,MIN,WR,307.3,28,16,16,0,0,0,0,0,5,30,6,0,153,113,1373,12.15,9,1,1,9,1,,194,311.3,250.8,78,7,18
19,MICHAEL THOMAS,NOR,WR,315.5,25,16,16,0,0,0,0,0,0,0,,0,147,125,1405,11.24,9,2,2,9,,,191,320.5,253,74,8,19
20,ERIC EBRON,IND,TE,222.2,25,16,8,0,1,0,0,0,3,-8,-2.67,1,110,66,750,11.36,13,1,1,14,,,156,226.2,189.2,73,4,20
21,MATT RYAN,ATL,QB,355,33,16,16,422,608,4924,35,7,33,125,3.79,3,1,1,5,5,1,10,5,4,,2,354,373,361.5,71,2,21
22,JUJU SMITH-SCHUSTER,PIT,WR,296.9,22,16,13,0,0,0,0,0,1,13,13,0,166,111,1426,12.85,7,1,1,7,1,,186,300.9,241.4,70,9,22
23,KAREEM HUNT,KAN,RB,230.2,23,11,11,0,0,0,0,0,181,824,4.55,7,35,26,378,14.54,7,0,0,14,,,204,236.2,217.2,69,8,23
24,JOE MIXON,CIN,RB,243.4,22,14,13,0,0,0,0,0,237,1168,4.93,8,55,43,296,6.88,1,0,0,9,,,200,249.4,221.9,65,9,24
25,ROBERT WOODS,LAR,WR,265.6,26,16,16,0,0,0,0,0,19,157,8.26,1,130,86,1219,14.17,6,0,0,7,,,180,271.6,222.6,63,10,25
26,DAVID JOHNSON,ARI,RB,246.6,27,16,16,0,0,0,0,0,258,940,3.64,7,76,50,446,8.92,3,3,2,10,1,,197,254.6,221.6,61,10,26
27,BEN ROETHLISBERGER,PIT,QB,341.9,36,16,16,452,675,5129,34,16,31,98,3.16,3,1,1,-1,-1,0,7,2,3,,4,341,362.9,357.4,58,3,27
28,JAMES WHITE,NWE,RB,276.6,26,16,3,0,0,0,0,0,94,425,4.52,5,123,87,751,8.63,7,0,0,12,,,190,282.6,233.1,54,11,28
29,PHILLIP LINDSAY,DEN,RB,222.8,24,15,8,0,0,0,0,0,192,1037,5.4,9,47,35,241,6.89,1,0,0,10,,,188,228.8,205.3,52,12,29
30,DERRICK HENRY,TEN,RB,201.4,24,16,12,2,3,14,0,0,215,1059,4.93,12,18,15,99,6.6,0,1,1,12,,,186,205.4,193.9,51,13,30
31,DESHAUN WATSON,HOU,QB,331.7,23,16,16,345,505,4165,26,9,99,551,5.57,5,0,0,0,,0,9,3,5,,,332,349.7,340.7,49,4,31
32,TYLER LOCKETT,SEA,WR,222.4,26,16,14,0,0,0,0,0,13,69,5.31,0,70,57,965,16.93,10,2,0,10,1,,165,225.4,193.9,49,11,32
33,STEFON DIGGS,MIN,WR,266.3,25,15,14,0,0,0,0,0,10,62,6.2,0,149,102,1021,10.01,9,0,0,9,1,,164,269.3,215.3,48,12,33
34,BRANDIN COOKS,LAR,WR,243.2,25,16,16,0,0,0,0,0,10,68,6.8,1,117,80,1204,15.05,5,1,0,6,,,163,246.2,203.2,47,13,34
35,KEENAN ALLEN,LAC,WR,260.1,26,16,14,0,0,0,0,0,9,75,8.33,0,136,97,1196,12.33,6,3,1,6,1,,163,264.1,211.6,47,14,35
36,T.Y. HILTON,IND,WR,239,29,14,14,0,0,0,0,0,0,0,,0,120,76,1270,16.71,6,0,0,6,,,163,242,201,47,15,36
37,CHRIS CARSON,SEA,RB,201.4,24,14,14,0,0,0,0,0,247,1151,4.66,9,24,20,163,8.15,0,3,2,9,,,181,209.4,191.4,46,14,37
38,ANDREW LUCK,IND,QB,327.9,29,16,16,430,639,4593,39,15,46,148,3.22,0,2,1,4,4,0,6,1,0,,2,327,349.9,342.4,44,5,38
39,JARED COOK,OAK,TE,193.6,31,16,14,0,0,0,0,0,0,0,,0,101,68,896,13.18,6,0,0,6,,,126,196.6,159.6,43,5,39
40,NICK CHUBB,CLE,RB,194.5,23,16,9,0,0,0,0,0,192,996,5.19,8,29,20,149,7.45,2,0,0,10,,,175,200.5,184.5,39,15,40
41,ODELL BECKHAM JR.,NYG,WR,230.3,26,12,12,2,2,106,2,0,5,19,3.8,0,124,77,1052,13.66,6,2,1,6,,,153,234.3,191.8,37,16,41
42,JARED GOFF,LAR,QB,316.3,24,16,16,364,561,4688,32,12,43,108,2.51,2,0,0,0,,0,12,5,3,,3,316,339.3,328.3,34,6,42
43,ADRIAN PETERSON,WAS,RB,189,33,16,16,0,0,0,0,0,251,1042,4.15,7,26,20,208,10.4,1,3,2,8,,,169,197,179,34,16,43
44,AARON RODGERS,GNB,QB,312.6,35,16,16,372,597,4442,25,2,43,269,6.26,2,0,0,0,,0,6,3,2,1,2,313,323.6,314.6,30,7,44
45,TYLER BOYD,CIN,WR,221.1,24,14,14,0,1,0,0,0,2,3,1.5,0,108,76,1028,13.53,7,0,0,7,,,145,224.1,183.1,29,17,45
46,TARIK COHEN,CHI,RB,233.9,23,16,7,1,1,1,1,0,99,444,4.48,3,91,71,725,10.21,5,7,3,8,,,163,242.9,198.4,27,17,46
47,CALVIN RIDLEY,ATL,WR,206.8,24,16,5,0,0,0,0,0,6,27,4.5,0,92,64,821,12.83,10,2,1,10,,,143,210.8,174.8,26,18,47
48,TEVIN COLEMAN,ATL,RB,193.6,25,16,14,0,0,0,0,0,167,800,4.79,4,44,32,276,8.63,5,2,0,9,,,162,199.6,177.6,26,18,48
49,MARLON MACK,IND,RB,178.1,22,12,10,0,0,0,0,0,195,908,4.66,9,26,17,103,6.06,1,2,2,10,2,,161,186.1,169.6,26,19,49
50,JORDAN HOWARD,CHI,RB,180,24,16,15,0,0,0,0,0,250,935,3.74,9,26,20,145,7.25,0,2,1,9,,,160,187,170,25,20,50
51,AMARI COOPER,2TM,WR,215.5,24,15,15,0,0,0,0,0,2,20,10,0,107,75,1005,13.4,7,2,2,7,,,141,220.5,178,24,19,51
52,DREW BREES,NOR,QB,305,39,15,15,364,489,3992,32,5,31,22,0.71,4,1,1,1,1,0,5,1,4,,1,304,314,309.5,21,8,52
53,MIKE WILLIAMS,LAC,WR,180.2,24,16,5,0,0,0,0,0,7,28,4,1,66,43,664,15.44,10,0,0,11,1,,137,183.2,158.7,21,20,53
54,KENNY GOLLADAY,DET,WR,207.1,25,15,13,0,0,0,0,0,1,8,8,0,119,70,1063,15.19,5,1,0,5,,,137,210.1,172.1,21,21,54
55,JARVIS LANDRY,CLE,WR,217.1,26,16,14,1,2,63,0,0,3,60,20,1,149,81,976,12.05,4,1,1,5,,1,136,221.1,176.6,20,22,55
56,KENYAN DRAKE,MIA,RB,206.2,24,16,7,0,0,0,0,0,120,535,4.46,4,73,53,477,9,5,2,1,9,,,153,213.2,179.7,18,21,56
57,JULIAN EDELMAN,NWE,WR,207.4,32,12,12,2,2,43,0,0,9,107,11.89,0,108,74,850,11.49,6,1,0,6,,,133,213.4,170.4,17,23,57
58,RUSSELL WILSON,SEA,QB,299.4,30,16,16,280,427,3448,35,7,67,376,5.61,0,1,1,-11,-11,0,10,2,0,,1,298,314.4,305.9,16,9,58
59,LAMAR MILLER,HOU,RB,172.6,27,14,14,0,0,0,0,0,210,973,4.63,5,35,25,163,6.52,1,1,1,6,,,148,179.6,160.1,12,22,59
60,EMMANUEL SANDERS,DEN,WR,198.2,31,12,12,1,1,28,1,0,4,53,13.25,1,98,71,868,12.23,4,1,0,5,,,127,201.2,162.7,11,24,60
61,TREY BURTON,CHI,TE,147.1,27,16,16,0,0,0,0,0,1,2,2,0,76,54,569,10.54,6,1,1,6,1,,93,151.1,120.1,10,6,61
62,AARON JONES,GNB,RB,171.4,24,12,8,0,0,0,0,0,133,728,5.47,8,35,26,206,7.92,1,1,1,9,,,145,178.4,158.4,10,23,62
63,CHRIS GODWIN,TAM,WR,185.2,22,16,5,0,0,0,0,0,0,0,,0,95,59,842,14.27,7,4,1,7,1,,126,189.2,155.7,10,25,63
64,AUSTIN HOOPER,ATL,TE,163,24,16,7,0,0,0,0,0,0,0,,0,88,71,660,9.3,4,0,0,4,1,,92,166,127.5,9,7,64
65,DAVID NJOKU,CLE,TE,143.9,22,16,14,0,0,0,0,0,0,0,,0,88,56,639,11.41,4,0,0,4,,,88,146.9,115.9,5,8,65
66,KYLE RUDOLPH,MIN,TE,151.4,29,16,16,0,0,0,0,0,0,0,,0,82,64,634,9.91,4,0,0,4,,,87,154.4,119.4,4,9,66
67,ALSHON JEFFERY,PHI,WR,185.3,28,13,13,0,0,0,0,0,0,0,,0,92,65,843,12.97,6,1,0,6,,,120,188.3,152.8,4,26,67
68,O.J. HOWARD,TAM,TE,120.5,24,10,8,0,0,0,0,0,0,0,,0,48,34,565,16.62,5,0,0,5,,,87,123.5,103.5,4,10,68
69,DAK PRESCOTT,DAL,QB,285.9,25,16,16,356,526,3885,22,8,75,305,4.07,6,1,0,0,,0,12,6,6,1,1,286,305.9,293.9,3,10,69
70,PHILIP RIVERS,LAC,QB,285,37,16,16,347,508,4308,32,12,18,7,0.39,0,0,0,0,,0,2,1,0,,5,285,301,297,2,11,70
71,COREY DAVIS,TEN,WR,183.6,23,16,16,0,0,0,0,0,6,55,9.17,0,112,65,891,13.71,4,1,0,4,,,119,186.6,151.1,2,27,71
72,ROB GRONKOWSKI,NWE,TE,131.2,29,13,11,0,0,0,0,0,0,0,,0,72,47,682,14.51,3,1,1,3,,,84,135.2,107.7,1,11,72
73,LARRY FITZGERALD,ARI,WR,185.7,35,16,16,1,1,32,1,0,0,0,,0,112,69,734,10.64,6,0,0,6,1,,117,188.7,151.2,,28,73
74,STERLING SHEPARD,NYG,WR,182.5,25,16,16,0,0,0,0,0,3,33,11,0,107,66,872,13.21,4,1,0,4,1,,117,185.5,149.5,,29,74
75,CAM NEWTON,CAR,QB,282.6,29,14,14,320,471,3395,24,13,101,488,4.83,4,0,0,0,,0,6,0,4,,2,283,301.6,295.6,,12,75
76,VANCE MCDONALD,PIT,TE,133,28,15,14,0,0,0,0,0,0,0,,0,72,50,610,12.2,4,2,1,4,,,83,137,108,,12,76
77,MATT BREIDA,SFO,RB,162.5,23,14,13,0,0,0,0,0,153,814,5.32,3,31,27,261,9.67,2,1,1,5,,,136,169.5,149,,24,77
78,MOHAMED SANU,ATL,WR,182.4,29,16,16,1,2,5,1,0,7,44,6.29,0,94,66,838,12.7,4,2,1,4,1,,116,186.4,149.4,,30,78
79,KIRK COUSINS,MIN,QB,283.1,30,16,16,425,606,4298,30,10,44,123,2.8,1,1,1,-1,-1,0,9,7,1,,3,282,306.1,292.6,,13,
80,TOM BRADY,NWE,QB,281.3,41,16,16,375,570,4355,29,11,23,35,1.52,2,1,1,6,6,0,4,2,2,,,280,297.3,291.8,,14,
81,MITCHELL TRUBISKY,CHI,QB,263,24,14,14,289,434,3223,24,12,68,421,6.19,3,0,0,0,,0,6,3,3,,4,263,284,275,,15,
82,ELI MANNING,NYG,QB,240,37,16,16,380,576,4299,21,11,15,20,1.33,1,0,0,0,,0,7,4,1,,3,240,258,251,,17,
83,BAKER MAYFIELD,CLE,QB,240.1,23,14,13,310,486,3725,27,14,39,131,3.36,0,1,0,0,,0,7,3,0,1,1,240,263.1,254.1,,16,
84,DEREK CARR,OAK,QB,216.8,27,16,16,381,553,4049,19,10,24,47,1.96,1,1,1,-9,-9,0,12,7,1,,1,216,236.8,226.3,,18,
85,CASE KEENUM,DEN,QB,214.9,30,16,16,365,586,3890,18,15,26,93,3.58,2,0,0,0,,0,11,2,2,,,215,234.9,229.9,,19,
86,MATTHEW STAFFORD,DET,QB,212.2,30,16,16,367,555,3777,21,11,25,71,2.84,0,0,0,0,,0,6,4,0,,,212,230.2,223.2,,20,
87,JOSH ALLEN,BUF,QB,208.1,22,12,11,169,320,2074,10,12,89,631,7.09,8,1,0,0,,0,8,2,8,,1,208,228.1,220.1,,21,
88,JAMEIS WINSTON,TAM,QB,195.8,24,11,9,244,378,2992,19,14,49,281,5.73,1,0,0,0,,0,7,3,1,,,196,218.8,209.8,,22,
89,CARSON WENTZ,PHI,QB,193.7,26,11,11,279,401,3074,21,7,34,93,2.74,0,1,1,4,4,0,9,6,0,,1,193,209.7,200.2,,23,
90,ANDY DALTON,CIN,QB,174.5,31,11,11,226,365,2566,21,11,16,99,6.19,0,0,0,0,,0,1,0,0,,,175,188.5,185.5,,25,
91,MARCUS MARIOTA,TEN,QB,175.9,25,14,13,228,331,2528,11,8,64,357,5.58,2,1,1,21,21,0,9,2,2,,,175,191.9,183.4,,24,
92,BLAKE BORTLES,JAX,QB,173.2,26,13,12,243,403,2718,13,11,58,365,6.29,1,0,0,0,,0,8,4,1,,,173,194.2,184.2,,26,
93,SAM DARNOLD,NYJ,QB,168.4,21,13,13,239,414,2865,17,15,44,138,3.14,1,0,0,0,,0,5,2,1,,,168,191.4,183.4,,27,
94,RYAN FITZPATRICK,TAM,QB,165.8,36,8,7,164,246,2366,17,12,36,152,4.22,2,0,0,0,,0,4,1,2,,1,166,184.8,177.8,,28,
95,LAMAR JACKSON,BAL,QB,157.5,21,16,7,99,170,1201,6,3,147,695,4.73,5,2,0,0,,0,12,4,5,,,158,170.5,160.5,,29,
96,RYAN TANNEHILL,MIA,QB,143,30,11,11,176,274,1979,17,9,32,145,4.53,0,1,1,3,3,1,5,4,1,,,142,162,151.5,,30,
97,ALEX SMITH,WAS,QB,138,34,10,10,205,328,2180,10,5,41,168,4.1,1,0,0,0,,0,6,1,1,,,138,150,143,,31,
98,JOE FLACCO,BAL,QB,137.1,33,9,9,232,379,2465,12,6,19,45,2.37,0,0,0,0,,0,3,1,0,,,137,147.1,143.1,,32,
99,SONY MICHEL,NWE,RB,139.1,23,13,8,0,0,0,0,0,209,931,4.45,6,11,7,50,7.14,0,1,1,6,,,132,143.1,135.6,,25,
100,PEYTON BARBER,TAM,RB,150.3,24,16,16,0,0,0,0,0,234,871,3.72,5,29,20,92,4.6,1,1,1,6,,,130,154.3,140.3,,26,
101,AUSTIN EKELER,LAC,RB,168.8,23,14,3,0,0,0,0,0,106,554,5.23,3,53,39,404,10.36,3,1,1,6,,,130,175.8,149.3,,27,
102,NICK MULLENS,SFO,QB,123.5,23,8,8,176,274,2277,13,10,18,-16,-0.89,0,0,0,0,,0,2,0,0,,1,123,136.5,133.5,,33,
103,MARK INGRAM,NOR,RB,142.5,29,12,6,0,0,0,0,0,138,645,4.67,6,27,21,170,8.1,1,3,1,7,,,122,149.5,132,,28,
104,ISAIAH CROWELL,NYJ,RB,140.7,25,13,6,0,0,0,0,0,143,685,4.79,6,28,21,152,7.24,0,0,0,6,,,120,146.7,130.2,,29,
105,T.J. YELDON,JAX,RB,173.1,25,14,5,0,0,0,0,0,104,414,3.98,1,78,55,487,8.85,4,1,1,5,,,118,180.1,145.6,,30,
106,DEDE WESTBROOK,JAX,WR,179.5,25,16,9,0,1,0,0,0,9,98,10.89,0,101,66,717,10.86,5,3,2,6,,,114,184.5,146.5,,31,
107,ADAM HUMPHRIES,TAM,WR,188.7,25,16,10,0,0,0,0,0,2,11,5.5,0,105,76,816,10.74,5,2,0,5,,,113,191.7,150.7,,32,
108,JOSH ROSEN,ARI,QB,112.9,21,14,13,217,393,2278,11,14,23,138,6,0,0,0,0,,0,10,5,0,,1,113,137.9,126.9,,34,
109,DALVIN COOK,MIN,RB,152,23,11,10,0,0,0,0,0,133,615,4.62,2,49,40,305,7.63,2,2,2,4,,,112,160,132,,31,
110,DESEAN JACKSON,TAM,WR,151.3,32,12,10,0,0,0,0,0,6,29,4.83,1,74,41,774,18.88,4,0,0,5,,,110,154.3,130.8,,33,
111,LATAVIUS MURRAY,MIN,RB,131.9,28,16,6,0,0,0,0,0,140,578,4.13,6,26,22,141,6.41,0,0,0,6,1,,110,137.9,120.9,,32,
112,ZAY JONES,BUF,WR,165.2,23,16,15,0,1,0,0,0,1,0,0,0,102,56,652,11.64,7,1,0,7,1,,109,168.2,137.2,,34,
113,GOLDEN TATE,2TM,WR,182.9,30,15,7,0,0,0,0,0,4,34,8.5,0,113,74,795,10.74,4,3,0,4,1,,109,185.9,145.9,,35,
114,KERRYON JOHNSON,DET,RB,139.4,21,10,7,0,0,0,0,0,118,641,5.43,3,39,32,213,6.66,1,1,1,4,,,107,146.4,123.4,,33,
115,ROBBY ANDERSON,NYJ,WR,156.4,25,14,9,0,0,0,0,0,2,-8,-4,0,94,50,752,15.04,6,2,2,6,,,106,161.4,131.4,,36,
116,MIKE DAVIS,SEA,RB,136.8,25,15,2,0,0,0,0,0,112,514,4.59,4,42,34,214,6.29,1,0,0,5,,,103,142.8,119.8,,34,
117,A.J. GREEN,CIN,WR,149.4,30,9,9,0,0,0,0,0,0,0,,0,77,46,694,15.09,6,2,1,6,,,103,153.4,126.4,,37,
118,JOHN BROWN,BAL,WR,143.9,28,16,15,0,0,0,0,0,3,4,1.33,0,97,42,715,17.02,5,0,0,5,,,102,146.9,122.9,,39,
119,DION LEWIS,TEN,RB,160.7,28,16,7,0,0,0,0,0,155,517,3.34,1,67,59,400,6.78,1,1,1,2,,,102,167.7,131.2,,36,
120,DOUG MARTIN,OAK,RB,119.9,29,16,9,0,0,0,0,0,172,723,4.2,4,24,18,116,6.44,0,3,3,4,,,102,128.9,110.9,,35,
121,D.J. MOORE,CAR,WR,157,21,16,10,0,0,0,0,0,13,172,13.23,0,82,55,788,14.33,2,4,3,2,,,102,166,129.5,,38,
122,NELSON AGHOLOR,PHI,WR,165.4,25,16,16,1,1,15,0,0,3,32,10.67,0,97,64,736,11.5,4,1,0,4,,,101,168.4,133.4,,40,
123,LEONARD FOURNETTE,JAX,RB,120.4,23,8,8,0,0,0,0,0,133,439,3.3,5,26,22,185,8.41,1,0,0,6,,,98,126.4,109.4,,37,
124,JOSH GORDON,2TM,WR,138.7,27,12,12,0,0,0,0,0,0,0,,0,71,41,737,17.98,4,0,0,4,,,98,141.7,118.2,,44,
125,NYHEIM HINES,IND,RB,160.9,22,16,4,0,0,0,0,0,85,314,3.69,2,81,63,425,6.75,2,1,0,4,,,98,166.9,129.4,,38,
126,ALLEN ROBINSON,CHI,WR,153.3,25,13,12,0,0,0,0,0,1,9,9,0,94,55,754,13.71,4,1,1,4,,,98,157.3,125.8,,41,
127,CURTIS SAMUEL,CAR,WR,136.8,22,13,8,0,0,0,0,0,8,84,10.5,2,65,39,494,12.67,5,1,1,7,,,98,140.8,117.3,,42,
128,DEMARYIUS THOMAS,2TM,WR,156.7,31,15,15,0,0,0,0,0,0,0,,0,89,59,677,11.47,5,0,0,5,,,98,159.7,127.2,,43,
129,KENNY STILLS,MIA,WR,134.4,26,15,15,1,1,3,1,0,0,0,,0,64,37,553,14.95,6,1,0,6,1,,97,137.4,115.9,,45,
130,TYRELL WILLIAMS,LAC,WR,137.8,26,16,10,0,0,0,0,0,2,15,7.5,0,65,41,653,15.93,5,2,0,5,,,97,140.8,117.3,,46,
131,COOPER KUPP,LAR,WR,135.1,25,8,8,0,0,0,0,0,4,25,6.25,0,55,40,566,14.15,6,0,0,6,,,95,138.1,115.1,,47,
132,ALEX COLLINS,BAL,RB,108.6,24,10,10,0,0,0,0,0,114,411,3.61,7,21,15,105,7,1,3,3,8,,,94,117.6,101.1,,39,
133,JORDY NELSON,OAK,WR,156.7,33,15,14,0,0,0,0,0,1,-2,-2,0,88,63,739,11.73,3,1,0,3,1,,94,159.7,125.2,,49,
134,COURTLAND SUTTON,DEN,WR,136.3,23,16,9,0,0,0,0,0,1,-1,-1,0,84,42,704,16.76,4,0,0,4,,,94,139.3,115.3,,48,
135,LESEAN MCCOY,BUF,RB,127.2,30,14,13,0,0,0,0,0,161,514,3.19,3,46,34,238,7,0,0,0,3,,,93,133.2,110.2,,40,
136,DOUG BALDWIN,SEA,WR,141.8,30,13,13,0,0,0,0,0,0,0,,0,73,50,618,12.36,5,0,0,5,,,92,144.8,116.8,,50,
137,FRANK GORE,MIA,RB,102.6,35,14,14,0,0,0,0,0,156,722,4.63,0,16,12,124,10.33,1,1,0,1,,,91,108.6,96.6,,41,
138,ANTONIO CALLAWAY,CLE,WR,132.3,21,16,11,0,0,0,0,0,2,7,3.5,0,79,43,586,13.63,5,1,1,5,1,,89,136.3,110.8,,51,
139,JALEN RICHARD,OAK,RB,156.6,25,16,1,0,0,0,0,0,55,259,4.71,1,81,68,607,8.93,0,3,2,1,,,89,164.6,122.6,,43,
140,WENDELL SMALLWOOD,PHI,RB,117.4,24,16,6,0,0,0,0,0,87,364,4.18,3,35,28,230,8.21,2,2,1,5,1,,89,124.4,103.4,,42,
141,GUS EDWARDS,BAL,RB,89.8,23,11,6,0,0,0,0,0,137,718,5.24,2,2,2,20,10,0,0,0,2,1,,88,92.8,88.8,,45,
142,CARLOS HYDE,2TM,RB,98.4,28,14,7,0,0,0,0,0,172,571,3.32,5,16,10,33,3.3,0,2,1,5,,,88,102.4,93.4,,44,
143,ROYCE FREEMAN,DEN,RB,101.3,22,14,8,0,0,0,0,0,130,521,4.01,5,20,14,72,5.14,0,1,1,5,,,87,105.3,94.3,,47,
144,ANTHONY MILLER,CHI,WR,120.2,24,15,4,1,1,8,0,0,6,26,4.33,0,54,33,423,12.82,7,1,0,7,,,87,123.2,103.7,,52,
145,JAMAAL WILLIAMS,GNB,RB,114.4,23,16,8,0,0,0,0,0,121,464,3.83,3,41,27,210,7.78,0,0,0,3,1,,87,120.4,100.9,,46,
146,COLE BEASLEY,DAL,WR,150.2,29,16,4,0,1,0,0,0,0,0,,0,87,65,672,10.34,3,0,0,3,,,85,153.2,117.7,,53,
147,JEFF DRISKEL,CIN,QB,85.1,25,9,5,105,176,1003,6,2,25,130,5.2,2,0,0,0,,0,4,1,2,,1,85,94.1,87.1,,35,
148,TAYLOR GABRIEL,CHI,WR,151.9,27,16,11,0,0,0,0,0,9,61,6.78,0,93,67,688,10.27,2,1,1,2,,,85,155.9,118.4,,54,
149,DUKE JOHNSON,CLE,RB,132,25,16,2,0,0,0,0,0,40,201,5.03,0,62,47,429,9.13,3,1,0,3,2,,85,138,108.5,,48,
150,DONTE MONCRIEF,JAX,WR,130.8,25,16,14,0,0,0,0,0,0,0,,0,89,48,668,13.92,3,1,1,3,,,83,134.8,106.8,,55,
151,EVAN ENGRAM,NYG,TE,126.3,24,11,8,0,0,0,0,0,3,36,12,0,64,45,577,12.82,3,0,0,3,1,,81,129.3,103.8,,13,
152,MARVIN JONES,DET,WR,115.8,28,9,9,0,0,0,0,0,0,0,,0,62,35,508,14.51,5,0,0,5,,,81,118.8,98.3,,56,
153,CHRISTIAN KIRK,ARI,WR,123.5,22,12,7,0,0,0,0,0,3,35,11.67,0,68,43,590,13.72,3,0,0,3,,,81,126.5,102,,57,
154,MICHAEL CRABTREE,BAL,WR,132.7,31,16,16,0,0,0,0,0,0,0,,0,100,54,607,11.24,3,0,0,3,,,79,135.7,105.7,,60,
155,DEVIN FUNCHESS,CAR,WR,122.9,24,14,12,0,0,0,0,0,0,0,,0,79,44,549,12.48,4,0,0,4,,,79,125.9,100.9,,59,
156,RASHARD HIGGINS,CLE,WR,118.2,24,13,1,0,0,0,0,0,0,0,,0,53,39,572,14.67,4,2,1,4,,,79,122.2,98.7,,58,
157,LEGARRETTE BLOUNT,DET,RB,86.5,32,16,8,0,0,0,0,0,154,418,2.71,5,15,10,67,6.7,0,2,1,5,,,77,90.5,81.5,,50,
158,ALFRED BLUE,HOU,RB,97.3,27,16,2,0,0,0,0,0,150,499,3.33,2,27,20,154,7.7,0,0,0,2,,,77,103.3,87.3,,49,
159,DANTE PETTIS,SFO,WR,103.5,23,12,7,0,0,0,0,0,1,-2,-2,0,45,27,467,17.3,5,2,0,5,,,77,106.5,90,,61,
160,JIMMY GRAHAM,GNB,TE,130.6,32,16,12,0,0,0,0,0,0,0,,0,89,55,636,11.56,2,0,0,2,,,76,133.6,103.1,,14,
161,CORDARRELLE PATTERSON,NWE,WR,96.5,27,15,5,0,0,0,0,0,42,228,5.43,1,28,21,247,11.76,3,1,1,5,,,76,103.5,86,,62,
162,DAMIEN WILLIAMS,KAN,RB,98.6,26,16,3,0,0,0,0,0,50,256,5.12,4,24,23,160,6.96,2,1,1,6,,,76,105.6,87.1,,51,
163,JOSH ADAMS,PHI,RB,81.9,22,14,5,0,0,0,0,0,120,511,4.26,3,13,7,58,8.29,0,1,1,3,1,,75,85.9,78.4,,52,
164,C.J. BEATHARD,SFO,QB,75,25,6,5,102,169,1252,8,7,19,69,3.63,1,0,0,0,,0,5,3,1,,,75,88,82,,37,
165,NICK FOLES,PHI,QB,76.2,29,5,5,141,195,1413,7,4,9,17,1.89,0,1,1,10,10,0,4,2,0,,,75,85.2,79.7,,36,
166,DAVID MOORE,SEA,WR,101,23,16,7,0,0,0,0,0,1,5,5,0,53,26,445,17.12,5,2,0,5,,,75,104,88,,64,
167,SAMMY WATKINS,KAN,WR,115.1,25,10,9,0,0,0,0,0,5,52,10.4,0,55,40,519,12.98,3,1,0,3,,,75,118.1,95.1,,63,
168,WILL FULLER,HOU,WR,106.3,24,7,7,0,0,0,0,0,0,0,,0,45,32,503,15.72,4,0,0,4,,,74,109.3,90.3,,65,
169,CHRIS HERNDON,NYJ,TE,113.2,22,16,12,0,0,0,0,0,0,0,,0,56,39,502,12.87,4,2,0,4,,,74,116.2,93.7,,15,
170,MARK ANDREWS,BAL,TE,107.2,23,16,3,0,0,0,0,0,0,0,,0,50,34,552,16.24,3,0,0,3,,,73,110.2,90.2,,16,
171,KENDRICK BOURNE,SFO,WR,114.7,23,16,8,0,0,0,0,0,0,0,,0,66,42,487,11.6,4,1,0,4,,,73,117.7,93.7,,68,
172,TRE'QUAN SMITH,NOR,WR,100.7,22,15,7,0,0,0,0,0,0,0,,0,44,28,427,15.25,5,0,0,5,,,73,103.7,86.7,,67,
173,MARQUEZ VALDES-SCANTLING,GNB,WR,111,24,16,10,0,0,0,0,0,2,29,14.5,0,73,38,581,15.29,2,0,0,2,,,73,114,92,,66,
174,ROBERT FOSTER,BUF,WR,99.1,24,13,3,0,0,0,0,0,0,0,,0,44,27,541,20.04,3,0,0,3,,,72,102.1,85.6,,70,
175,WILLIE SNEAD,BAL,WR,134.4,26,16,10,0,0,0,0,0,1,13,13,0,95,62,651,10.5,1,0,0,1,,,72,137.4,103.4,,69,
176,CHRIS HOGAN,NWE,WR,106.2,31,16,7,0,0,0,0,0,0,0,,0,55,35,532,15.2,3,0,0,3,,,71,109.2,88.7,,71,
177,JOSH REYNOLDS,LAR,WR,100,23,16,8,0,0,0,0,0,2,8,4,0,53,29,402,13.86,5,0,0,5,,,71,103,85.5,,72,
178,ITO SMITH,ATL,RB,97.7,23,14,0,0,0,0,0,0,90,315,3.5,4,32,27,152,5.63,0,1,0,4,,,71,103.7,84.2,,53,
179,ALBERT WILSON,MIA,WR,96.8,26,7,3,1,1,52,1,0,8,16,2,0,35,26,391,15.04,4,0,0,4,,,71,99.8,83.8,,73,
180,DANNY AMENDOLA,MIA,WR,127.4,33,15,15,1,1,28,1,0,1,-2,-2,0,79,59,575,9.75,1,2,0,1,,,68,130.4,97.9,,74,
181,BROCK OSWEILER,MIA,QB,68,28,7,5,113,178,1247,6,4,8,21,2.63,0,0,0,0,,0,1,1,0,,1,68,76,72,,38,
182,ELIJAH MCGUIRE,NYJ,RB,85.9,24,8,3,0,0,0,0,0,92,276,3,3,31,19,193,10.16,1,2,2,4,,,67,93.9,76.4,,54,
183,JORDAN REED,WAS,TE,119.8,28,13,8,0,0,0,0,0,0,0,,0,84,54,558,10.33,2,1,1,2,,,66,123.8,92.8,,17,
184,JOSH DOCTSON,WAS,WR,109.2,26,15,12,0,0,0,0,0,0,0,,0,78,44,532,12.09,2,0,0,2,,,65,112.2,87.2,,75,
185,MICHAEL GALLUP,DAL,WR,97.7,22,16,8,0,0,0,0,0,0,0,,0,68,33,507,15.36,2,0,0,2,1,,65,100.7,81.2,,76,
186,CHRIS IVORY,BUF,RB,78,30,13,1,0,0,0,0,0,115,385,3.35,1,21,13,205,15.77,0,1,0,1,,,65,84,71.5,,55,
187,MARQUISE GOODWIN,SFO,WR,87.4,28,11,8,0,0,0,0,0,4,9,2.25,0,43,23,395,17.17,4,1,0,4,,,64,90.4,75.9,,77,
188,MARSHAWN LYNCH,OAK,RB,79,32,6,6,0,0,0,0,0,90,376,4.18,3,20,15,84,5.6,0,0,0,3,,,64,82,71.5,,56,
189,CHESTER ROGERS,IND,WR,117.1,24,16,10,0,0,0,0,0,1,-4,-4,0,72,53,485,9.15,2,1,0,2,2,,64,120.1,90.6,,78,
190,JOHN ROSS,CIN,WR,84.9,23,13,10,0,0,0,0,0,4,9,2.25,0,58,21,210,10,7,0,0,7,,,64,87.9,74.4,,79,
191,JAYLEN SAMUELS,PIT,RB,89.5,22,14,3,0,0,0,0,0,56,256,4.57,0,29,26,199,7.65,3,1,0,3,,,64,95.5,76.5,,57,
192,CAMERON BRATE,TAM,TE,92.9,27,16,2,0,0,0,0,0,0,0,,0,49,30,289,9.63,6,1,1,6,,,63,96.9,77.9,,18,
193,C.J. ANDERSON,2TM,RB,67.4,27,11,3,0,0,0,0,0,67,403,6.01,2,9,5,41,8.2,1,0,0,3,,,62,70.4,64.9,,58,
194,SETH ROBERTS,OAK,WR,106.9,27,15,7,0,0,0,0,0,3,5,1.67,0,64,45,494,10.98,2,0,0,2,,,62,109.9,84.4,,80,
195,C.J. UZOMAH,CIN,TE,104.9,25,16,15,0,0,0,0,0,0,0,,0,64,43,439,10.21,3,0,0,3,,,62,107.9,83.4,,19,
196,GIOVANI BERNARD,CIN,RB,95.9,27,12,4,0,0,0,0,0,56,211,3.77,3,48,35,218,6.23,0,0,0,3,,,61,101.9,78.4,,60,
197,RASHAAD PENNY,SEA,RB,70.4,22,14,0,0,0,0,0,0,85,419,4.93,2,12,9,75,8.33,0,0,0,2,,,61,73.4,65.9,,59,
198,ALFRED MORRIS,SFO,RB,68.1,30,12,1,0,0,0,0,0,111,428,3.86,2,13,8,73,9.13,0,2,1,2,,,60,72.1,64.1,,61,
199,JAVORIUS ALLEN,BAL,RB,93.6,27,14,0,0,0,0,0,0,41,110,2.68,3,43,35,196,5.6,2,1,1,5,,,59,100.6,76.1,,64,
200,COREY CLEMENT,PHI,RB,81.1,24,11,0,0,0,0,0,0,68,259,3.81,2,25,22,192,8.73,0,4,0,2,1,,59,87.1,70.1,,62,
201,CHRIS CONLEY,KAN,WR,91.4,26,16,13,0,0,0,0,0,0,0,,0,52,32,334,10.44,5,2,2,5,,,59,96.4,75.4,,81,
202,SPENCER WARE,KAN,RB,79,27,13,2,0,0,0,0,0,51,246,4.82,2,23,20,224,11.2,0,0,0,2,,,59,85,69,,63,
203,DALLAS GOEDERT,PHI,TE,90.4,23,16,8,0,0,0,0,0,0,0,,0,44,33,334,10.12,4,0,0,4,,,57,93.4,73.9,,20,
204,THEO RIDDICK,DET,RB,116.5,27,14,3,0,0,0,0,0,40,171,4.28,0,74,61,384,6.3,0,0,0,0,,,56,122.5,86,,65,
205,JARIUS WRIGHT,CAR,WR,97.6,29,16,6,0,0,0,0,0,2,39,19.5,0,59,43,447,10.4,1,3,1,1,1,,55,101.6,76.1,,82,
206,JAMISON CROWDER,WAS,WR,82.8,25,9,7,0,0,0,0,0,4,30,7.5,0,49,29,388,13.38,2,0,0,2,,,54,85.8,68.3,,83,
207,GERALD EVERETT,LAR,TE,86.6,24,16,0,0,0,0,0,0,2,16,8,0,50,33,320,9.7,3,0,0,3,1,,54,89.6,70.1,,22,
208,JESSE JAMES,PIT,TE,84.3,24,16,7,0,0,0,0,0,0,0,,0,39,30,423,14.1,2,0,0,2,,,54,87.3,69.3,,21,
209,GREG OLSEN,CAR,TE,80.1,33,9,9,0,0,0,0,0,0,0,,0,38,27,291,10.78,4,0,0,4,,,53,83.1,66.6,,23,
210,DEMARCUS ROBINSON,KAN,WR,74.8,24,16,5,0,0,0,0,0,0,0,,0,33,22,288,13.09,4,0,0,4,,,53,77.8,63.8,,84,
211,BEN WATSON,NOR,TE,87,38,16,4,0,0,0,0,0,0,0,,0,46,35,400,11.43,2,0,0,2,,,52,90,69.5,,24,
212,KEELAN COLE,JAX,WR,89.1,25,16,11,0,0,0,0,0,0,0,,0,70,38,491,12.92,1,2,2,1,,,51,94.1,70.1,,86,
213,VERNON DAVIS,WAS,TE,75.7,34,14,8,0,0,0,0,0,0,0,,0,36,25,367,14.68,2,0,0,2,1,,51,78.7,63.2,,25,
214,JAKEEM GRANT,MIA,WR,72.3,26,10,2,0,0,0,0,0,1,5,5,0,34,21,268,12.76,2,0,0,4,,,51,75.3,61.8,,85,
215,TAYWAN TAYLOR,TEN,WR,87.6,23,13,5,0,0,0,0,0,0,0,,0,56,37,466,12.59,1,1,1,1,,,51,91.6,69.1,,87,
216,CHRIS THOMPSON,WAS,RB,91.6,28,10,0,0,0,0,0,0,43,178,4.14,0,55,41,268,6.54,1,1,0,1,,,51,97.6,71.1,,66,
217,DEVONTAE BOOKER,DEN,RB,87.8,26,16,0,0,0,0,0,0,34,183,5.38,1,51,38,275,7.24,0,1,1,1,,,50,94.8,68.8,,68,
218,PHILLIP DORSETT,NWE,WR,81.9,25,16,2,0,0,0,0,0,4,29,7.25,0,42,32,290,9.06,3,0,0,3,,,50,84.9,65.9,,88,
219,JOSH JOHNSON,WAS,QB,49.6,32,4,3,52,91,590,3,4,23,120,5.22,1,0,0,0,,0,2,0,1,,2,50,59.6,53.6,,39,
220,ZACH ZENNER,DET,RB,57.1,27,8,1,0,0,0,0,0,55,265,4.82,3,10,7,56,8,0,0,0,3,,,50,60.1,53.6,,67,
221,QUINCY ENUNWA,NYJ,WR,86.9,26,11,10,0,0,0,0,0,1,0,0,0,68,38,449,11.82,1,2,1,1,,,49,90.9,67.9,,89,
222,BLAKE JARWIN,DAL,TE,75.7,24,16,4,0,0,0,0,0,0,0,,0,36,27,307,11.37,3,0,0,3,,,49,78.7,62.2,,26,
223,BILAL POWELL,NYJ,RB,60.3,30,7,7,0,0,0,0,0,80,343,4.29,0,18,11,110,10,1,2,1,1,,,49,67.3,54.8,,69,
224,RANDALL COBB,GNB,WR,86.3,28,9,6,0,0,0,0,0,0,0,,0,61,38,383,10.08,2,2,1,2,,,48,90.3,67.3,,90,
225,KENNETH DIXON,BAL,RB,54.4,24,6,0,0,0,0,0,0,60,333,5.55,2,7,6,51,8.5,0,2,1,2,,,48,58.4,51.4,,70,
226,JIMMY GAROPPOLO,SFO,QB,48,27,3,3,53,89,718,5,3,8,33,4.13,0,0,0,0,,0,4,0,0,,1,48,54,51,,40,
227,JARON BROWN,SEA,WR,60.6,28,16,2,0,0,0,0,0,0,0,,0,19,14,166,11.86,5,0,0,5,,,47,63.6,53.6,,91,
228,ANTONIO GATES,LAC,TE,75.3,38,16,1,0,0,0,0,0,0,0,,0,45,28,333,11.89,2,1,1,2,2,,47,79.3,61.3,,27,
229,KAPRI BIBBS,2TM,RB,61.8,25,12,0,0,0,0,0,0,21,103,4.9,3,23,16,115,7.19,1,1,0,4,,,46,67.8,53.8,,73,
230,JUSTIN JACKSON,LAC,RB,61.1,22,13,1,0,0,0,0,0,50,206,4.12,2,19,15,135,9,0,0,0,2,,,46,67.1,53.6,,72,
231,TY MONTGOMERY,2TM,RB,71.3,25,13,0,0,0,0,0,0,41,188,4.59,1,40,25,235,9.4,0,2,1,1,,,46,78.3,58.8,,71,
232,BRESHAD PERRIMAN,CLE,WR,62.2,25,10,2,0,0,0,0,0,4,2,0.5,0,25,16,340,21.25,2,0,0,2,,,46,65.2,54.2,,92,
233,JORDAN THOMAS,HOU,TE,65.5,22,16,10,0,0,0,0,0,0,0,,0,27,20,215,10.75,4,0,0,4,,,46,68.5,55.5,,28,
234,JACQUIZZ RODGERS,TAM,RB,83,28,16,0,0,0,0,0,0,33,106,3.21,1,45,38,304,8,0,1,1,1,,,45,90,64,,74,
235,TAJAE SHARPE,TEN,WR,71.2,24,16,13,0,0,0,0,0,1,16,16,0,47,26,316,12.15,2,0,0,2,,,45,74.2,58.2,,93,
236,IAN THOMAS,CAR,TE,81.3,22,16,6,0,0,0,0,0,0,0,,0,49,36,333,9.25,2,0,0,2,,,45,84.3,63.3,,29,
237,NICK VANNETT,SEA,TE,73.9,25,15,9,0,0,0,0,0,0,0,,0,43,29,269,9.28,3,1,0,3,,,45,76.9,59.4,,30,
238,KELVIN BENJAMIN,2TM,WR,69,27,15,10,0,0,0,0,0,0,0,,0,67,25,380,15.2,1,0,0,1,,,44,72,56.5,,94,
239,JONNU SMITH,TEN,TE,63.8,23,13,12,0,0,0,0,0,0,0,,0,30,20,258,12.9,3,1,0,3,,,44,66.8,53.8,,31,
240,JORDAN WILKINS,IND,RB,60.1,24,16,3,0,0,0,0,0,60,336,5.6,1,17,16,85,5.31,0,2,2,1,,,44,65.1,52.1,,75,
241,CHASE EDMONDS,ARI,RB,63.1,22,16,0,0,0,0,0,0,60,208,3.47,2,23,20,103,5.15,0,1,0,2,,,43,69.1,53.1,,76,
242,JERMAINE KEARSE,NYJ,WR,80.1,28,14,9,0,0,0,0,0,0,0,,0,76,37,371,10.03,1,0,0,1,,,43,83.1,61.6,,95,
243,GERONIMO ALLISON,GNB,WR,62.3,24,5,4,0,0,0,0,0,0,0,,0,30,20,303,15.15,2,1,0,2,,,42,65.3,52.3,,96,
244,ALLEN HURNS,DAL,WR,61.5,27,16,7,0,0,0,0,0,0,0,,0,35,20,295,14.75,2,1,0,2,,,42,64.5,51.5,,98,
245,JORDAN MATTHEWS,PHI,WR,62,26,14,3,0,0,0,0,0,0,0,,0,28,20,300,15,2,0,0,2,,,42,65,52,,97,
246,TYLER HIGBEE,LAR,TE,65.2,25,16,16,0,0,0,0,0,0,0,,0,34,24,292,12.17,2,1,0,2,,,41,68.2,53.2,,32,
247,TYROD TAYLOR,CLE,QB,41.4,29,4,3,42,85,473,2,2,16,125,7.81,1,0,0,0,,0,3,0,1,,,41,49.4,43.4,,41,
248,JEFF HEUERMAN,DEN,TE,71.1,26,11,10,0,0,0,0,0,0,0,,0,48,31,281,9.06,2,0,0,2,,,40,74.1,55.6,,34,
249,ZACH PASCAL,IND,WR,66.8,24,16,4,0,0,0,0,0,2,10,5,0,46,27,268,9.93,2,0,0,2,,,40,69.8,53.3,,99,
250,RICKY SEALS-JONES,ARI,TE,74.3,23,15,5,0,0,0,0,0,0,0,,0,69,34,343,10.09,1,0,0,1,,,40,77.3,57.3,,33,
251,RYAN GRANT,IND,WR,74.4,28,14,10,0,0,0,0,0,0,0,,0,52,35,334,9.54,1,0,0,1,,,39,77.4,56.9,,100,
252,CODY KESSLER,JAX,QB,38.7,25,5,4,85,131,709,2,2,19,123,6.47,0,0,0,0,,0,5,3,0,,,39,49.7,40.7,,42,
253,PAUL RICHARDSON,WAS,WR,59.1,26,7,4,0,0,0,0,0,2,9,4.5,0,35,20,262,13.1,2,0,0,2,,,39,62.1,49.1,,101,
254,JAY AJAYI,PHI,RB,43.4,25,4,3,0,0,0,0,0,45,184,4.09,3,6,5,20,4,0,1,1,3,1,,38,47.4,40.9,,77,
255,KYLE JUSZCZYK,SFO,RB,67.4,27,16,14,0,0,0,0,0,8,30,3.75,0,41,30,324,10.8,1,2,2,1,,,37,72.4,52.4,,78,
256,DEVANTE PARKER,MIA,WR,60.9,25,11,7,0,0,0,0,0,0,0,,0,47,24,309,12.88,1,0,0,1,,,37,63.9,48.9,,103,
257,TIM PATRICK,DEN,WR,60.2,25,16,4,0,0,0,0,0,3,17,5.67,0,41,23,315,13.7,1,2,1,1,,,37,64.2,48.7,,102,
258,TERRELLE PRYOR,2TM,QB,53.1,29,8,1,0,0,0,0,0,1,-1,-1,0,30,16,252,15.75,2,0,0,2,,,37,56.1,45.1,,43,
259,REX BURKHEAD,NWE,RB,49.7,28,8,4,0,0,0,0,0,57,186,3.26,0,20,14,131,9.36,1,2,1,1,,,36,56.7,42.7,,79,
260,TED GINN JR.,NOR,WR,52.5,33,5,3,0,0,0,0,0,3,26,8.67,0,30,17,209,12.29,2,1,1,2,1,,36,56.5,44,,106,
261,DAESEAN HAMILTON,DEN,WR,66.3,23,14,5,0,0,0,0,0,0,0,,0,45,30,243,8.1,2,0,0,2,,,36,69.3,51.3,,104,
262,LAQUON TREADWELL,MIN,WR,71.2,23,15,7,0,0,0,0,0,0,0,,0,53,35,302,8.63,1,0,0,1,,,36,74.2,53.7,,105,
263,KEKE COUTEE,HOU,WR,62.7,21,6,2,0,0,0,0,0,3,0,0,0,41,28,287,10.25,1,0,0,1,,,35,65.7,48.7,,107,
264,JACK DOYLE,IND,TE,60.5,28,6,6,0,0,0,0,0,0,0,,0,33,26,245,9.42,2,1,1,2,,,35,64.5,47.5,,36,
265,RHETT ELLISON,NYG,TE,60.2,30,14,12,0,0,0,0,0,0,0,,0,34,25,272,10.88,1,0,0,1,1,,35,63.2,47.7,,35,
266,PIERRE GARCON,SFO,WR,58.6,32,8,8,0,0,0,0,0,0,0,,0,46,24,286,11.92,1,0,0,1,,,35,61.6,46.6,,108,
267,ISAIAH MCKENZIE,2TM,WR,52.5,23,8,1,0,0,0,0,0,10,66,6.6,2,30,18,179,9.94,0,2,1,2,,,35,56.5,43.5,,109,
268,MALCOLM BROWN,LAR,RB,39.4,25,12,0,0,0,0,0,0,43,212,4.93,0,7,5,52,10.4,1,0,0,1,1,,34,42.4,36.9,,80,
269,JASON CROOM,BUF,TE,55.9,24,15,3,0,0,0,0,0,0,0,,0,35,22,259,11.77,1,2,2,2,,,34,60.9,44.9,,38,
270,DEMETRIUS HARRIS,KAN,TE,46.4,27,15,3,0,0,0,0,0,0,0,,0,25,12,164,13.67,3,0,0,3,,,34,49.4,40.4,,37,
271,ED DICKSON,SEA,TE,45.2,31,10,1,0,0,0,0,0,1,9,9,0,13,12,143,11.92,3,0,0,3,,,33,48.2,39.2,,39,
272,BLAINE GABBERT,TEN,QB,33,29,8,3,61,101,626,4,4,6,0,0,0,0,0,0,,0,0,0,0,,,33,40,37,,44,
273,KEITH KIRKWOOD,NOR,WR,45.9,24,8,1,0,0,0,0,0,0,0,,0,21,13,209,16.08,2,0,0,2,,,33,48.9,39.4,,113,
274,RAHEEM MOSTERT,SFO,RB,38.6,26,9,0,0,0,0,0,0,34,261,7.68,1,7,6,25,4.17,0,1,1,1,,,33,42.6,35.6,,81,
275,TORREY SMITH,CAR,WR,50,29,11,6,0,0,0,0,0,0,0,,0,31,17,190,11.18,2,0,0,2,1,,33,53,41.5,,112,
276,EQUANIMEOUS ST. BROWN,GNB,WR,54.3,22,12,7,0,0,0,0,0,1,5,5,0,36,21,328,15.62,0,0,0,0,,,33,57.3,43.8,,111,
277,RYAN SWITZER,PIT,WR,69.4,24,16,1,0,0,0,0,0,6,21,3.5,0,44,36,253,7.03,1,2,0,1,,,33,72.4,51.4,,110,
278,TAVON AUSTIN,DAL,WR,39.5,28,7,0,0,0,0,0,0,6,55,9.17,0,13,8,140,17.5,2,0,0,2,,,32,42.5,35.5,,114,
279,TRENTON CANNON,NYJ,RB,48.7,24,16,0,0,0,0,0,0,38,113,2.97,1,25,17,144,8.47,0,0,0,1,,,32,54.7,40.2,,83,
280,LEVINE TOILOLO,DET,TE,53.3,27,16,10,0,0,0,0,0,0,0,,0,24,21,263,12.52,1,0,0,1,,,32,56.3,42.8,,40,
281,JEFF WILSON,SFO,RB,44.4,23,6,2,0,0,0,0,0,66,266,4.03,0,15,12,98,8.17,0,3,2,0,,,32,49.4,38.4,,82,
282,JAMES DEVELIN,NWE,TE,42.9,30,16,8,0,0,0,0,0,6,8,1.33,4,17,12,61,5.08,0,0,0,4,,,31,42.9,36.9,,42,
283,WAYNE GALLMAN,NYG,RB,44.5,24,15,1,0,0,0,0,0,51,176,3.45,1,22,14,89,6.36,0,2,1,1,,,31,48.5,37.5,,84,
284,RYAN GRIFFIN,HOU,TE,54.5,28,14,11,0,0,0,0,0,0,0,,0,43,24,305,12.71,0,0,0,0,,,31,57.5,42.5,,43,
285,MAURICE HARRIS,WAS,WR,59.4,26,12,7,0,0,0,0,0,2,10,5,0,47,28,304,10.86,0,1,0,0,,,31,62.4,45.4,,115,
286,TAYSOM HILL,NOR,QB,33.6,28,16,4,3,7,64,0,1,37,196,5.3,2,7,3,4,1.33,0,1,1,2,,,31,38.6,33.1,,45,
287,T.J. JONES,DET,WR,50,26,15,3,0,0,0,0,0,0,0,,0,26,19,190,10,2,0,0,2,,,31,53,40.5,,116,
288,MATT LACOSSE,DEN,TE,55,26,15,5,0,0,0,0,0,0,0,,0,37,24,250,10.42,1,0,0,1,,,31,58,43,,41,
289,RUSSELL SHEPARD,NYG,WR,40.8,28,12,0,0,0,0,0,0,0,0,,0,19,10,188,18.8,2,0,0,2,,,31,43.8,35.8,,117,
290,CHASE DANIEL,CHI,QB,30.7,32,5,2,53,76,515,3,2,13,3,0.23,0,1,1,8,8,0,4,0,0,,,30,35.7,32.2,,46,
291,DARREN FELLS,CLE,TE,40.7,32,16,11,0,0,0,0,0,0,0,,0,12,11,117,10.64,3,0,0,3,,,30,43.7,35.2,,45,
292,GEOFF SWAIM,DAL,TE,56.2,25,9,9,0,0,0,0,0,0,0,,0,32,26,242,9.31,1,0,0,1,,,30,59.2,43.2,,44,
293,TRENT TAYLOR,SFO,WR,55.5,24,14,0,0,0,0,0,0,0,0,,0,41,26,215,8.27,1,1,0,1,1,,30,58.5,42.5,,118,
294,KALEN BALLAGE,MIA,RB,37.7,23,12,0,0,0,0,0,0,36,191,5.31,1,11,9,56,6.22,0,1,1,1,,,29,41.7,33.2,,85,
295,TRAVIS BENJAMIN,LAC,WR,40.7,29,12,3,0,0,0,0,0,7,41,5.86,0,24,12,186,15.5,1,0,0,1,,,29,43.7,34.7,,119,
296,BRUCE ELLINGTON,2TM,WR,59.6,27,7,3,0,1,0,0,0,1,2,2,0,42,31,224,7.23,1,1,0,1,,,29,62.6,44.1,,120,
297,ANTHONY FIRKSER,TEN,TE,47.5,23,12,0,0,0,0,0,0,0,0,,0,20,19,225,11.84,1,0,0,1,,,29,50.5,38,,46,
298,LUKE STOCKER,TEN,TE,43.5,30,16,11,0,0,0,0,0,1,0,0,0,21,15,165,11,2,0,0,2,,,29,46.5,36,,47,
299,WILL DISSLY,SEA,TE,35.6,22,4,4,0,0,0,0,0,0,0,,0,14,8,156,19.5,2,0,0,2,,,28,38.6,31.6,,49,
300,MARCUS MURPHY,BUF,RB,38.6,27,11,1,0,0,0,0,0,52,250,4.81,0,19,11,26,2.36,0,1,0,0,,,28,41.6,33.1,,86,
301,MICHAEL ROBERTS,DET,TE,37,24,8,2,0,0,0,0,0,0,0,,0,20,9,100,11.11,3,0,0,3,,,28,40,32.5,,48,
302,JAMES WASHINGTON,PIT,WR,43.7,22,14,6,0,0,0,0,0,0,0,,0,38,16,217,13.56,1,0,0,1,,,28,46.7,35.7,,121,
303,KYLE ALLEN,CAR,QB,26.5,22,2,1,20,31,266,2,0,5,19,3.8,1,0,0,0,,0,0,0,1,,,27,26.5,26.5,,48,
304,MARTAVIS BRYANT,OAK,WR,45.9,27,8,2,0,0,0,0,0,3,23,7.67,0,27,19,266,14,0,1,1,0,,,27,49.9,36.4,,124,
305,VIRGIL GREEN,LAC,TE,46,30,16,16,0,0,0,0,0,0,0,,0,27,19,210,11.05,1,0,0,1,,,27,49,36.5,,50,
306,COLT MCCOY,WAS,QB,27.2,32,3,2,34,54,372,3,3,10,63,6.3,0,0,0,0,,0,1,0,0,,,27,33.2,30.2,,47,
307,CHRIS MOORE,BAL,WR,46.3,25,16,0,0,0,0,0,0,5,17,3.4,0,25,19,196,10.32,1,0,0,1,,,27,49.3,36.8,,122,
308,TRENT SHERFIELD,ARI,WR,46,22,13,2,0,0,0,0,0,0,0,,0,28,19,210,11.05,1,0,0,1,,,27,49,36.5,,123,
309,ERIK SWOOPE,IND,TE,34.7,26,7,2,0,0,0,0,0,0,0,,0,10,8,87,10.88,3,0,0,3,,,27,34.7,30.7,,51,
310,BRANDON BOLDEN,MIA,RB,29.4,28,16,0,0,0,0,0,0,8,91,11.38,2,3,3,13,4.33,1,1,1,3,,,26,30.4,27.9,,87,
311,BENNIE FOWLER,NYG,WR,41.9,27,10,5,0,0,0,0,0,0,0,,0,27,16,199,12.44,1,1,0,1,,,26,44.9,33.9,,125,
312,BRANDON LAFELL,OAK,WR,37.5,32,6,5,0,0,0,0,0,0,0,,0,16,12,135,11.25,2,0,0,2,,,26,40.5,31.5,,126,
313,MO ALIE-COX,IND,TE,32.3,25,9,1,0,0,0,0,0,0,0,,0,13,7,133,19,2,0,0,2,,,25,35.3,28.8,,53,
314,JUSTIN HARDY,ATL,WR,39.3,27,16,0,0,0,0,0,0,0,0,,0,22,14,133,9.5,2,1,0,2,,,25,42.3,32.3,,127,
315,JOSH HILL,NOR,TE,40.5,28,16,11,0,0,0,0,0,0,0,,0,24,16,185,11.56,1,0,0,1,,,25,43.5,32.5,,54,
316,CODY LATIMER,NYG,WR,36,26,6,2,0,0,0,0,0,0,0,,0,16,11,190,17.27,1,0,0,1,,,25,39,30.5,,128,
317,LEE SMITH,OAK,TE,35.3,31,16,4,0,0,0,0,0,0,0,,0,11,10,73,7.3,3,0,0,3,,,25,35.3,30.3,,52,
318,ROD SMITH,DAL,RB,33.7,26,16,1,0,0,0,0,0,44,127,2.89,1,12,9,60,6.67,0,0,0,1,,,25,36.7,29.2,,88,
319,CODY CORE,CIN,WR,37,24,14,3,0,0,0,0,0,0,0,,0,28,13,160,12.31,1,0,0,1,1,,24,40,30.5,,130,
320,TYLER EIFERT,CIN,TE,38.9,28,4,2,0,0,0,0,0,0,0,,0,19,15,179,11.93,1,0,0,1,,,24,41.9,31.4,,55,
321,CHAD WILLIAMS,ARI,WR,41,24,10,7,0,0,0,0,0,1,9,9,0,46,17,171,10.06,1,0,0,1,,,24,44,32.5,,129,
322,JORDAN AKINS,HOU,TE,39.5,26,16,6,0,0,0,0,0,0,0,,0,25,17,225,13.24,0,0,0,0,,,23,42.5,31,,57,
323,RICHIE JAMES,SFO,WR,32,23,13,2,0,0,0,0,0,0,0,,0,14,9,130,14.44,1,2,1,2,,,23,36,27.5,,131,
324,LANCE KENDRICKS,GNB,TE,42,30,16,3,0,0,0,0,0,0,0,,0,25,19,170,8.95,1,0,0,1,,,23,45,32.5,,56,
325,AUSTIN CARR,NOR,WR,30.7,25,14,2,0,0,0,0,0,0,0,,0,14,9,97,10.78,2,0,0,2,,,22,30.7,26.2,,132,
326,HAYDEN HURST,BAL,TE,35.3,25,12,0,0,0,0,0,0,1,0,0,0,23,13,163,12.54,1,0,0,1,,,22,38.3,28.8,,58,
327,DAN ARNOLD,NOR,WR,33,23,10,1,0,0,0,0,0,0,0,,0,19,12,150,12.5,1,1,0,1,,,21,36,27,,134,
328,MARCELL ATEMAN,OAK,WR,36.4,24,7,6,0,0,0,0,0,0,0,,0,31,15,154,10.27,1,0,0,1,,,21,39.4,28.9,,133,
329,NICK BOYLE,BAL,TE,44.3,25,16,13,0,0,0,0,0,0,0,,0,37,23,213,9.26,0,0,0,0,,,21,47.3,32.8,,60,
330,GARRETT CELEK,SFO,TE,26,30,15,1,0,0,0,0,0,0,0,,0,8,5,90,18,2,0,0,2,,,21,26,23.5,,62,
331,MARVIN HALL,ATL,WR,30.9,25,16,0,0,0,0,0,0,2,0,0,0,19,10,149,14.9,1,0,0,1,,,21,33.9,25.9,,135,
332,JOSH MCCOWN,NYJ,QB,20.8,39,4,3,60,110,539,1,4,5,32,6.4,0,0,0,0,,0,0,0,0,,,21,27.8,24.8,,49,
333,JAMES O'SHAUGHNESSY,JAX,TE,45.4,26,14,9,0,0,0,0,0,0,0,,0,38,24,214,8.92,0,0,0,0,,,21,48.4,33.4,,59,
334,MAXX WILLIAMS,BAL,TE,37.1,24,13,6,0,0,0,0,0,3,8,2.67,0,17,16,143,8.94,1,0,0,1,,,21,40.1,29.1,,61,
335,JOSH BELLAMY,CHI,WR,33.7,29,16,2,0,0,0,0,0,0,0,,0,25,14,117,8.36,1,0,0,1,1,,20,36.7,26.7,,137,
336,DEANDRE CARTER,2TM,WR,42.3,25,14,4,0,0,0,0,0,1,7,7,0,25,22,216,9.82,0,5,1,0,,,20,46.3,31.3,,136,
337,BRANDON MARSHALL,SEA,WR,30.6,34,7,2,0,0,0,0,0,0,0,,0,23,11,136,12.36,1,0,0,1,,,20,33.6,25.1,,138,
338,MICHAEL FLOYD,WAS,WR,28,29,13,3,0,0,0,0,0,0,0,,0,24,10,100,10,1,0,0,1,1,,18,31,23,,139,
339,MIKE GESICKI,MIA,TE,40.2,23,16,7,0,0,0,0,0,0,0,,0,32,22,202,9.18,0,1,1,0,,,18,44.2,29.2,,63,
340,ANDY JANOVICH,DEN,RB,25.7,25,16,7,0,0,0,0,0,2,5,2.5,0,10,8,112,14,1,0,0,1,,,18,28.7,21.7,,89,
341,ZACH LINE,NOR,RB,22.5,28,16,6,0,0,0,0,0,9,41,4.56,0,10,5,14,2.8,2,0,0,2,,,18,22.5,20,,90,
342,MATT BARKLEY,BUF,QB,17.1,28,1,1,15,25,232,2,0,3,-2,-0.67,0,0,0,0,,0,0,0,0,,,17,17.1,17.1,,50,
343,LEONTE CARROO,MIA,WR,18.8,24,9,0,0,0,0,0,0,1,14,14,0,4,2,94,47,1,0,0,1,,,17,18.8,17.8,,142,
344,ALEX ERICKSON,CIN,WR,36.9,26,16,6,0,0,0,0,0,3,22,7.33,0,29,20,167,8.35,0,1,1,0,,,17,40.9,26.9,,141,
345,DARIUS JENNINGS,TEN,WR,28.1,26,16,0,1,1,21,0,0,1,2,2,0,15,11,101,9.18,0,0,0,1,,,17,31.1,22.6,,140,
346,JORDAN LEGGETT,NYJ,TE,31.4,23,15,4,0,0,0,0,0,0,0,,0,24,14,114,8.14,1,0,0,1,,,17,34.4,24.4,,64,
347,CHARLES CLAY,BUF,TE,37.4,29,13,12,0,0,0,0,0,0,0,,0,36,21,184,8.76,0,1,1,0,,,16,41.4,26.9,,65,
348,MARCUS JOHNSON,IND,WR,22,24,5,0,0,0,0,0,0,1,-2,-2,0,8,6,102,17,1,0,0,1,,,16,25,19,,145,
349,JAKE KUMEROW,GNB,WR,24.3,26,5,2,0,0,0,0,0,0,0,,0,11,8,103,12.88,1,0,0,1,,,16,27.3,20.3,,143,
350,MYCOLE PRUITT,TEN,TE,25.2,26,15,1,0,0,0,0,0,0,0,,0,11,9,102,11.33,1,0,0,1,,,16,28.2,20.7,,66,
351,ANTHONY SHERMAN,KAN,RB,23.8,30,16,1,0,0,0,0,0,1,2,2,0,9,8,96,12,1,0,0,1,,,16,23.8,19.8,,91,
352,DEONTE THOMPSON,2TM,WR,33.1,29,13,6,0,0,0,0,0,0,0,,0,30,17,161,9.47,0,0,0,0,,,16,36.1,24.6,,144,
353,DJ CHARK,JAX,WR,29.4,22,11,0,0,0,0,0,0,0,0,,0,32,14,174,12.43,0,1,1,0,,,15,33.4,22.4,,146,
354,BRIAN HILL,ATL,RB,15.6,23,10,0,0,0,0,0,0,20,157,7.85,0,2,1,9,9,0,1,1,0,,,15,19.6,15.1,,94,
355,CAMERON MEREDITH,NOR,WR,24.4,26,6,1,0,0,0,0,0,0,0,,0,10,9,114,12.67,1,1,1,1,,,15,28.4,19.9,,147,
356,TAQUAN MIZZELL,CHI,RB,23.4,25,9,1,0,0,0,0,0,9,16,1.78,0,10,8,78,9.75,1,0,0,1,,,15,23.4,19.4,,92,
357,NICK O'LEARY,MIA,TE,22.6,26,12,7,0,0,0,0,0,0,0,,0,10,8,86,10.75,1,0,0,1,,,15,22.6,18.6,,70,
358,LOGAN PAULSEN,ATL,TE,24.1,31,15,10,0,0,0,0,0,0,0,,0,9,9,91,10.11,1,0,0,1,,,15,24.1,19.6,,67,
359,AUSTIN SEFERIAN-JENKINS,JAX,TE,26,26,5,5,0,0,0,0,0,0,0,,0,19,11,90,8.18,1,0,0,1,,,15,26,20.5,,68,
360,SCOTT SIMONSON,NYG,TE,23.6,26,16,4,0,0,0,0,0,0,0,,0,14,9,86,9.56,1,0,0,1,,,15,23.6,19.1,,69,
361,VYNCINT SMITH,HOU,WR,20.1,22,7,1,0,0,0,0,0,0,0,,0,10,5,91,18.2,1,0,0,1,,,15,20.1,17.6,,148,
362,DWAYNE WASHINGTON,NOR,RB,15.4,24,13,0,0,0,0,0,0,27,154,5.7,0,0,0,0,,0,0,0,0,,,15,18.4,15.4,,93,
363,ALEX ARMAH,CAR,RB,15,24,16,2,0,0,0,0,0,9,15,1.67,2,1,1,5,5,0,0,0,2,,,14,15,14.5,,96,
364,CAMERON ARTIS-PAYNE,CAR,RB,17.4,28,9,0,0,0,0,0,0,19,69,3.63,1,4,3,15,5,0,0,0,1,,,14,17.4,15.9,,95,
365,DEONTAY BURNETT,NYJ,WR,24.3,21,5,1,0,0,0,0,0,0,0,,0,15,10,143,14.3,0,0,0,0,,,14,27.3,19.3,,150,
366,TAYLOR HEINICKE,CAR,QB,13.9,25,6,1,35,57,320,1,3,5,31,6.2,0,0,0,0,,0,1,0,0,,,14,19.9,16.9,,51,
367,ANDY JONES,DET,WR,25,24,8,3,0,0,0,0,0,0,0,,0,24,11,80,7.27,1,0,0,1,,,14,25,19.5,,151,
368,RONALD JONES II,TAM,RB,20.7,21,9,0,0,0,0,0,0,23,44,1.91,1,9,7,33,4.71,0,0,0,1,,,14,20.7,17.2,,97,
369,TREY QUINN,WAS,WR,22.5,23,3,2,0,0,0,0,0,1,0,0,0,10,9,75,8.33,1,0,0,1,,,14,22.5,18,,152,
370,DAMION RATLEY,CLE,WR,27.4,23,13,3,0,0,0,0,0,0,0,,0,20,13,144,11.08,0,0,0,0,,,14,30.4,20.9,,149,
371,ROBERT TONYAN,GNB,TE,17.7,24,16,1,0,0,0,0,0,0,0,,0,6,4,77,19.25,1,0,0,1,,,14,17.7,15.7,,71,
372,SAM BRADFORD,ARI,QB,12.7,31,3,3,50,80,400,2,4,2,7,3.5,0,0,0,0,,0,3,2,0,,,13,21.7,16.7,,53,
373,DEREK CARRIER,OAK,WR,19.7,28,16,2,0,0,0,0,0,0,0,,0,12,7,67,9.57,1,0,0,1,,,13,19.7,16.2,,154,
374,SETH DEVALVE,CLE,TE,18.4,25,13,4,0,0,0,0,0,0,0,,0,7,5,74,14.8,1,0,0,1,,,13,18.4,15.9,,72,
375,NATHAN PETERMAN,BUF,QB,12.8,24,4,2,44,81,296,1,7,10,50,5,1,0,0,0,,0,0,0,1,,,13,19.8,19.8,,52,
376,BRANDON POWELL,DET,WR,24.3,23,6,1,0,0,0,0,0,1,4,4,0,17,11,129,11.73,0,0,0,0,,,13,27.3,18.8,,153,
377,ADAM SHAHEEN,CHI,RB,17.8,24,6,4,0,0,0,0,0,0,0,,0,6,5,48,9.6,1,0,0,1,1,,13,17.8,15.3,,99,
378,DARREL WILLIAMS,KAN,RB,16.1,23,6,0,0,0,0,0,0,13,44,3.38,0,3,3,27,9,1,0,0,1,,,13,16.1,14.6,,98,
379,BRICE BUTLER,2TM,WR,18,28,8,1,0,0,0,0,0,0,0,,0,10,6,60,10,1,0,0,1,,,12,18,15,,155,
380,DALTON SCHULTZ,DAL,TE,23.6,22,11,7,0,0,0,0,0,0,0,,0,17,12,116,9.67,0,0,0,0,,,12,26.6,17.6,,73,
381,A.J. DERBY,MIA,TE,13.8,27,4,0,0,0,0,0,0,0,0,,0,5,3,48,16,1,0,0,1,,,11,13.8,12.3,,75,
382,MIKE GLENNON,ARI,QB,11,29,2,0,15,21,174,1,0,0,0,,0,0,0,0,,0,0,0,0,,,11,11,11,,54,
383,COREY GRANT,JAX,RB,19.7,27,5,1,0,0,0,0,0,13,40,3.08,0,12,9,67,7.44,0,0,0,0,,,11,19.7,15.2,,100,
384,TOMMYLEE LEWIS,NOR,WR,14,26,7,3,0,0,0,0,0,2,10,5,0,3,3,60,20,1,1,1,1,,,11,15,12.5,,156,
385,CHRIS MANHERTZ,CAR,TE,13.2,26,16,4,0,0,0,0,0,0,0,,0,5,2,52,26,1,0,0,1,,,11,13.2,12.2,,74,
386,KEITH FORD,BUF,RB,13,24,2,1,0,0,0,0,0,21,79,3.76,0,5,3,21,7,0,0,0,0,,,10,13,11.5,,103,
387,JOHN KELLY,LAR,RB,12.1,22,4,0,0,0,0,0,0,27,74,2.74,0,3,2,27,13.5,0,0,0,0,,,10,12.1,11.1,,102,
388,ELI ROGERS,PIT,WR,21.5,26,3,3,0,0,0,0,0,1,-4,-4,0,14,12,79,6.58,0,1,0,0,1,,10,21.5,15.5,,157,
389,JEREMY SPRINKLE,WAS,TE,15.1,24,16,9,0,0,0,0,0,0,0,,0,9,5,41,8.2,1,0,0,1,,,10,15.1,12.6,,76,
390,DE'ANTHONY THOMAS,KAN,WR,12.5,25,5,0,0,0,0,0,0,1,6,6,0,5,3,29,9.67,1,1,0,1,,,10,12.5,11,,158,
391,DARREN WALLER,OAK,TE,15.6,26,4,0,0,0,0,0,0,1,21,21,0,6,6,75,12.5,0,0,0,0,,,10,15.6,12.6,,77,
392,DEANDRE WASHINGTON,OAK,RB,11.4,25,10,0,0,0,0,0,0,30,115,3.83,0,1,1,9,9,0,1,1,0,,,10,15.4,10.9,,101,
393,CHARCANDRICK WEST,KAN,RB,11.6,27,3,0,0,0,0,0,0,2,-1,-0.5,0,3,2,37,18.5,1,0,0,1,,,10,11.6,10.6,,104,
394,JAKE BUTT,DEN,TE,16.5,23,3,3,0,0,0,0,0,0,0,,0,13,8,85,10.63,0,0,0,0,,,9,16.5,12.5,,79,
395,D'ONTA FOREMAN,HOU,RB,10.7,22,1,0,0,0,0,0,0,7,-1,-0.14,0,2,2,28,14,1,1,0,1,,,9,10.7,9.7,,107,
396,DEVONTA FREEMAN,ATL,RB,14.1,26,2,2,0,0,0,0,0,14,68,4.86,0,7,5,23,4.6,0,0,0,0,,,9,14.1,11.6,,106,
397,C.J. HAM,MIN,RB,20.3,25,15,2,0,0,0,0,0,6,8,1.33,0,15,11,85,7.73,0,0,0,0,,,9,20.3,14.8,,105,
398,DONTRELL HILLIARD,CLE,RB,17.5,23,11,0,0,1,0,0,1,0,0,,0,10,9,105,11.67,0,0,0,0,,,9,21.5,14,,108,
399,KEVIN WHITE,CHI,WR,13.2,26,9,0,0,0,0,0,0,0,0,,0,8,4,92,23,0,0,0,0,,,9,13.2,11.2,,159,
400,LUKE WILLSON,DET,TE,21.7,28,14,8,0,0,0,0,0,0,0,,0,19,13,87,6.69,0,0,0,0,,,9,21.7,15.2,,78,
401,CAMERON BATSON,TEN,WR,16.3,23,11,2,0,0,0,0,0,1,1,1,0,11,8,82,10.25,0,1,0,0,,,8,16.3,12.3,,160,
402,COREY COLEMAN,NYG,WR,12.6,24,8,1,0,0,0,0,0,1,5,5,0,8,5,71,14.2,0,0,0,0,,,8,12.6,10.1,,161,
403,TYLER CONKLIN,MIN,TE,12.7,23,16,3,0,0,0,0,0,0,0,,0,7,5,77,15.4,0,0,0,0,,,8,12.7,10.2,,80,
404,MATT LENGEL,CIN,TE,10.7,28,11,2,0,0,0,0,0,0,0,,0,8,3,17,5.67,1,0,0,1,,,8,10.7,9.2,,81,
405,ELIJHAA PENNY,NYG,RB,15.5,25,14,3,0,0,0,0,0,7,25,3.57,0,9,8,50,6.25,0,0,0,0,,,8,15.5,11.5,,109,
406,LOGAN THOMAS,BUF,QB,20.3,27,12,3,1,1,15,0,0,0,0,,0,17,12,77,6.42,0,0,0,0,,,8,20.3,14.3,,55,
407,MARK WALTON,CIN,RB,12.5,21,14,0,0,0,0,0,0,14,34,2.43,0,8,5,41,8.2,0,0,0,0,,,8,12.5,10,,110,
408,DEREK ANDERSON,BUF,QB,6.5,35,2,2,42,70,465,0,4,1,-1,-1,0,0,0,0,,0,3,2,0,,,7,15.5,10.5,,57,
409,KENJON BARNER,2TM,RB,8.4,29,9,0,0,0,0,0,0,19,71,3.74,0,1,1,3,3,0,1,0,0,,,7,8.4,7.9,,111,
410,BLAKE BELL,JAX,TE,14.7,27,10,4,0,0,0,0,0,0,0,,0,11,8,67,8.38,0,0,0,0,,,7,14.7,10.7,,84,
411,TEDDY BRIDGEWATER,NOR,QB,7.2,26,5,1,14,23,118,1,1,11,5,0.45,0,0,0,0,,0,0,0,0,,,7,8.2,8.2,,56,
412,PATRICK DIMARCO,BUF,RB,10.1,29,16,5,0,0,0,0,0,1,9,9,0,4,3,62,20.67,0,0,0,0,,,7,10.1,8.6,,112,
413,JERMAINE GRESHAM,ARI,TE,16.4,30,13,11,0,0,0,0,0,0,0,,0,12,9,94,10.44,0,1,1,0,,,7,17.4,11.9,,82,
414,XAVIER GRIMBLE,PIT,TE,12.6,26,16,2,0,0,0,0,0,0,0,,0,8,6,86,14.33,0,1,1,0,,,7,13.6,9.6,,86,
415,DETREZ NEWSOME,LAC,RB,8.8,24,9,0,0,0,0,0,0,11,49,4.45,0,2,2,19,9.5,0,0,0,0,,,7,8.8,7.8,,113,
416,JOSHUA PERKINS,PHI,TE,11.7,25,9,1,0,0,0,0,0,0,0,,0,11,5,67,13.4,0,0,0,0,,,7,11.7,9.2,,85,
417,ERIC TOMLINSON,NYJ,TE,15.2,26,15,12,0,0,0,0,0,0,0,,0,14,8,72,9,0,0,0,0,,,7,15.2,11.2,,83,
418,RUSSELL GAGE,ATL,WR,12.3,22,15,0,0,0,0,0,0,0,0,,0,10,6,63,10.5,0,0,0,0,,,6,12.3,9.3,,163,
419,DAVID GRINNAGE,JAX,TE,12.1,24,4,2,0,0,0,0,0,0,0,,0,8,6,61,10.17,0,0,0,0,,,6,12.1,9.1,,87,
420,RYAN HEWITT,IND,RB,7.1,27,12,2,0,0,0,0,0,0,0,,0,2,1,1,1,1,0,0,1,,,6,7.1,6.6,,114,
421,JJ NELSON,ARI,WR,13.4,26,14,2,0,0,0,0,0,4,0,0,0,19,7,64,9.14,0,0,0,0,,,6,13.4,9.9,,162,
422,DERRICK WILLIES,CLE,WR,9.1,24,5,0,0,0,0,0,0,0,0,,0,5,3,61,20.33,0,1,0,0,,,6,9.1,7.6,,164,
423,KAMAR AIKEN,PHI,WR,11.3,29,5,1,0,0,0,0,0,0,0,,0,7,6,53,8.83,0,0,0,0,,,5,11.3,8.3,,166,
424,ANTONY AUCLAIR,TAM,TE,11.8,25,16,10,0,0,0,0,0,0,0,,0,8,7,48,6.86,0,0,0,0,,,5,11.8,8.3,,92,
425,MIKE BOONE,MIN,RB,6.8,23,8,0,0,0,0,0,0,11,47,4.27,0,3,2,1,0.5,0,0,0,0,,,5,6.8,5.8,,116,
426,NOAH BROWN,DAL,WR,10.4,22,8,2,0,0,0,0,0,0,0,,0,8,5,54,10.8,0,0,0,0,,,5,10.4,7.9,,165,
427,RICO GATHERS,DAL,TE,7.5,24,15,4,0,0,0,0,0,0,0,,0,7,3,45,15,0,0,0,0,,,5,7.5,6,,93,
428,SHELTON GIBSON,PHI,WR,5.8,24,15,0,0,0,0,0,0,0,0,,0,3,1,48,48,0,0,0,0,,,5,5.8,5.3,,168,
429,JACOB HOLLISTER,NWE,TE,9.2,25,8,1,0,0,0,0,0,0,0,,0,5,4,52,13,0,0,0,0,,,5,9.2,7.2,,88,
430,DESHONE KIZER,GNB,QB,5.4,22,3,0,20,42,187,0,2,5,39,7.8,0,0,0,0,,0,1,1,0,,,5,8.4,7.4,,58,
431,ERIC SAUBERT,ATL,TE,9.8,24,16,1,0,0,0,0,0,0,0,,0,9,5,48,9.6,0,0,0,0,,,5,9.8,7.3,,91,
432,DURHAM SMYTHE,MIA,TE,11,23,15,2,0,0,0,0,0,0,0,,0,11,6,50,8.33,0,0,0,0,,,5,11,8,,90,
433,NEAL STERLING,NYJ,WR,10.7,26,5,4,0,0,0,0,0,0,0,,0,8,6,47,7.83,0,0,0,0,,,5,10.7,7.7,,169,
434,NATE SUDFELD,PHI,QB,4.7,25,2,0,1,2,22,1,0,2,-2,-1,0,0,0,0,,0,0,0,0,,,5,4.7,4.7,,59,
435,ROC THOMAS,MIN,RB,7.1,23,5,0,0,0,0,0,0,8,30,3.75,0,4,2,21,10.5,0,0,0,0,,,5,7.1,6.1,,115,
436,DELANIE WALKER,TEN,TE,9.2,34,1,1,0,0,0,0,0,0,0,,0,7,4,52,13,0,0,0,0,,,5,9.2,7.2,,89,
437,BOBO WILSON,TAM,WR,9.2,23,5,0,0,0,0,0,0,0,0,,0,5,4,52,13,0,0,0,0,,,5,9.2,7.2,,167,
438,CHAD BEEBE,MIN,WR,7.9,24,3,0,0,0,0,0,0,0,0,,0,4,4,39,9.75,0,0,0,0,,,4,7.9,5.9,,172,
439,TOMMY BOHANON,JAX,RB,10.1,28,16,6,0,0,0,0,0,1,0,0,0,9,6,41,6.83,0,0,0,0,,,4,10.1,7.1,,118,
440,BEN BRAUNECKER,CHI,TE,7.2,24,15,2,0,0,0,0,0,0,0,,0,5,3,42,14,0,0,0,0,,,4,7.2,5.7,,94,
441,JAWILL DAVIS,NYG,WR,8,23,7,0,0,0,0,0,0,0,0,,0,8,4,40,10,0,0,0,0,,,4,8,6,,170,
442,TYLER ERVIN,HOU,RB,6.5,25,9,0,0,0,0,0,0,0,0,,0,3,3,35,11.67,0,1,0,0,,,4,6.5,5,,124,
443,RASHAD GREENE,JAX,WR,10,26,8,1,0,0,0,0,0,0,0,,0,8,6,60,10,0,2,1,0,,,4,11,7,,171,
444,TYLER KROFT,CIN,TE,7.6,26,5,2,0,0,0,0,0,0,0,,0,6,4,36,9,0,0,0,0,,,4,7.6,5.6,,98,
445,MARCEDES LEWIS,GNB,TE,6.9,34,16,4,0,0,0,0,0,0,0,,0,4,3,39,13,0,0,0,0,,,4,6.9,5.4,,95,
446,T.J. LOGAN,ARI,RB,10.9,24,10,0,0,0,0,0,0,2,2,1,0,7,7,37,5.29,0,0,0,0,,,4,10.9,7.4,,119,
447,TRE MADDEN,SEA,RB,5.8,25,14,3,0,0,0,0,0,3,3,1,0,3,2,35,17.5,0,0,0,0,,,4,5.8,4.8,,121,
448,BYRON MARSHALL,WAS,RB,7.9,24,6,0,0,0,0,0,0,3,9,3,0,6,4,30,7.5,0,0,0,0,,,4,7.9,5.9,,120,
449,DAVID MORGAN,MIN,TE,8.6,25,11,6,0,0,0,0,0,0,0,,0,6,5,36,7.2,0,0,0,0,,,4,8.6,6.1,,97,
450,ROOSEVELT NIX,PIT,RB,8.2,26,16,0,0,0,0,0,0,1,4,4,0,6,4,38,9.5,0,0,0,0,,,4,8.2,6.2,,117,
451,SAMAJE PERINE,WAS,RB,6.7,23,5,0,0,0,0,0,0,8,32,4,0,4,3,5,1.67,0,0,0,0,,,4,6.7,5.2,,122,
452,JOHN PHILLIPS,ARI,TE,6.8,31,8,4,0,0,0,0,0,0,0,,0,3,3,38,12.67,0,0,0,0,,,4,6.8,5.3,,96,
453,AUDEN TATE,CIN,WR,7.5,21,7,0,0,0,0,0,0,0,0,,0,12,4,35,8.75,0,0,0,0,,,4,7.5,5.5,,174,
454,JALEN TOLLIVER,ARI,WR,6.7,23,3,1,0,0,0,0,0,0,0,,0,6,3,37,12.33,0,0,0,0,,,4,6.7,5.2,,173,
455,DAVID WILLIAMS,JAX,RB,3.6,24,6,0,0,0,0,0,0,8,36,4.5,0,0,0,0,,0,0,0,0,,,4,3.6,3.6,,123,
456,DWAYNE ALLEN,NWE,TE,5.7,28,13,8,0,0,0,0,0,0,0,,0,4,3,27,9,0,0,0,0,,,3,5.7,4.2,,100,
457,BENNY CUNNINGHAM,CHI,RB,3.9,28,15,0,0,0,0,0,0,11,20,1.82,0,2,1,9,9,0,0,0,0,,,3,3.9,3.4,,128,
458,MIKE GILLISLEE,NOR,RB,4.2,28,4,0,0,0,0,0,0,16,43,2.69,0,1,1,9,9,0,1,1,0,,,3,5.2,3.7,,126,
459,JEREMY HILL,NWE,RB,4.1,26,1,0,0,0,0,0,0,4,25,6.25,0,1,1,6,6,0,0,0,0,,,3,4.1,3.6,,127,
460,JEREMY LANGFORD,ATL,RB,2.5,27,1,0,0,0,0,0,0,9,25,2.78,0,0,0,0,,0,0,0,0,,,3,2.5,2.5,,129,
461,BRIAN PARKER,DEN,TE,8.3,26,13,1,0,0,0,0,0,0,0,,0,10,5,33,6.6,0,0,0,0,,,3,8.3,5.8,,99,
462,CHARONE PEAKE,NYJ,WR,4.5,26,13,0,0,0,0,0,0,0,0,,0,3,2,25,12.5,0,0,0,0,,,3,4.5,3.5,,176,
463,SHAUN WILSON,TAM,RB,6.4,23,5,0,0,0,0,0,0,6,29,4.83,0,5,3,5,1.67,0,0,0,0,,,3,6.4,4.9,,125,
464,JAVON WIMS,CHI,WR,7.2,24,4,0,0,0,0,0,0,0,0,,0,5,4,32,8,0,0,0,0,,,3,7.2,5.2,,175,
465,NICK BELLORE,DET,RB,5.5,29,14,4,0,0,0,0,0,1,0,0,0,4,4,15,3.75,0,0,0,0,,,2,5.5,3.5,,138,
466,TRAVARIS CADET,CAR,RB,3.2,29,1,0,0,0,0,0,0,11,17,1.55,0,1,1,5,5,0,0,0,0,,,2,3.2,2.7,,130,
467,MATT CASSEL,DET,QB,1.7,36,2,0,7,17,59,0,1,2,13,6.5,0,0,0,0,,0,0,0,0,,,2,2.7,2.7,,60,
468,ORSON CHARLES,CLE,TE,5.3,27,13,2,0,0,0,0,0,0,0,,0,5,3,23,7.67,0,0,0,0,,,2,5.3,3.8,,103,
469,DERRICK COLEMAN,ARI,RB,4,28,16,4,0,0,0,0,0,2,3,1.5,0,3,2,17,8.5,0,0,0,0,,,2,4,3,,132,
470,RIVER CRACRAFT,DEN,WR,3.4,24,8,0,0,0,0,0,0,0,0,,0,2,1,44,44,0,1,1,0,,,2,4.4,2.9,,177,
471,SEAN CULKIN,LAC,TE,3.4,25,13,10,0,0,0,0,0,0,0,,0,1,1,24,24,0,0,0,0,,,2,3.4,2.9,,101,
472,JUSTIN DAVIS,LAR,RB,1.9,23,11,0,0,0,0,0,0,2,19,9.5,0,0,0,0,,0,0,0,0,,,2,1.9,1.9,,134,
473,GEHRIG DIETER,KAN,WR,3.2,25,4,0,0,0,0,0,0,0,0,,0,3,1,22,22,0,0,0,0,,,2,3.2,2.7,,180,
474,DAVID FLUELLEN,TEN,RB,1.6,26,7,0,0,0,0,0,0,4,16,4,0,0,0,0,,0,0,0,0,,,2,1.6,1.6,,136,
475,GARRETT GILBERT,CAR,QB,1.6,27,1,0,2,3,40,0,0,0,0,,0,0,0,0,,0,0,0,0,,,2,1.6,1.6,,61,
476,KHADAREL HODGE,LAR,WR,3.7,23,14,0,0,0,0,0,0,0,0,,0,3,2,17,8.5,0,0,0,0,,,2,3.7,2.7,,187,
477,JUSTIN HUNTER,PIT,WR,5.1,27,5,0,0,0,0,0,0,0,0,,0,13,3,21,7,0,0,0,0,,,2,5.1,3.6,,181,
478,DARIUS JACKSON,2TM,RB,1.6,25,4,0,0,0,0,0,0,6,16,2.67,0,1,0,0,,0,0,0,0,,,2,1.6,1.6,,137,
479,RISHARD MATTHEWS,2TM,WR,7.4,29,8,0,0,0,0,0,0,0,0,,0,9,5,24,4.8,0,0,0,0,,,2,7.4,4.9,,178,
480,RAY-RAY MCCLOUD,BUF,WR,7,22,10,1,0,0,0,0,0,2,4,2,0,6,5,36,7.2,0,2,1,0,,,2,8,4.5,,182,
481,C.J. PROSISE,SEA,RB,4.9,24,5,0,0,0,0,0,0,1,-3,-3,0,3,3,22,7.33,0,0,0,0,,,2,4.9,3.4,,133,
482,BRIAN QUICK,WAS,WR,4.8,29,6,3,0,0,0,0,0,0,0,,0,3,3,18,6,0,0,0,0,,,2,4.8,3.3,,184,
483,JONATHAN STEWART,NYG,RB,1.7,31,3,0,0,0,0,0,0,6,17,2.83,0,0,0,0,,0,0,0,0,,,2,1.7,1.7,,135,
484,TYRONE SWOOPES,SEA,TE,3.3,24,1,1,0,0,0,0,0,0,0,,0,1,1,23,23,0,0,0,0,,,2,3.3,2.8,,102,
485,DE'LANCE TURNER,BAL,RB,4.1,23,4,0,0,0,0,0,0,1,4,4,0,2,2,17,8.5,0,0,0,0,,,2,4.1,3.1,,131,
486,MALIK TURNER,SEA,WR,4,22,6,0,0,0,0,0,0,0,0,,0,3,2,20,10,0,0,0,0,,,2,4,3,,183,
487,BRANDON WILDS,JAX,RB,1.5,25,3,0,0,0,0,0,0,6,15,2.5,0,0,0,0,,0,0,0,0,,,2,1.5,1.5,,139,
488,NICK WILLIAMS,2TM,WR,3.7,28,4,0,0,0,0,0,0,0,0,,0,5,2,17,8.5,0,0,0,0,,,2,3.7,2.7,,186,
489,TERRANCE WILLIAMS,DAL,WR,3.8,29,3,2,0,0,0,0,0,0,0,,0,3,2,18,9,0,0,0,0,,,2,3.8,2.8,,185,
490,BRANDON ZYLSTRA,MIN,WR,3.3,25,16,0,0,0,0,0,0,0,0,,0,2,1,23,23,0,0,0,0,,,2,3.3,2.8,,179,
491,AMEER ABDULLAH,2TM,RB,3.9,25,10,0,0,0,0,0,0,1,1,1,0,4,3,28,9.33,0,1,1,0,,,1,4.9,2.4,,145,
492,VICTOR BOLDEN,2TM,WR,2,23,6,0,0,0,0,0,0,0,0,,0,4,1,10,10,0,0,0,0,,,1,2,1.5,,192,
493,MICHAEL BURTON,CHI,RB,1.6,26,8,1,0,0,0,0,0,0,0,,0,1,1,6,6,0,0,0,0,,,1,1.6,1.1,,148,
494,DAMIERE BYRD,CAR,WR,1.8,25,8,0,0,0,0,0,0,0,0,,0,2,1,8,8,0,0,0,0,,,1,1.8,1.3,,195,
495,JAMAAL CHARLES,JAX,RB,3.4,32,2,0,0,0,0,0,0,6,7,1.17,0,3,2,7,3.5,0,0,0,0,,,1,3.4,2.4,,140,
496,SAMMIE COATES,HOU,WR,2.2,25,12,0,0,0,0,0,0,0,0,,0,2,1,12,12,0,0,0,0,,,1,2.2,1.7,,190,
497,ALAN CROSS,TAM,TE,2.9,25,14,3,0,0,0,0,0,0,0,,0,5,2,9,4.5,0,0,0,0,,,1,2.9,1.9,,107,
498,JOSHUA DOBBS,PIT,QB,0.8,23,5,0,6,12,43,0,1,4,11,2.75,0,0,0,0,,0,0,0,0,,,1,1.8,1.8,,64,
499,ROSS DWELLEY,SFO,TE,3.4,23,11,0,0,0,0,0,0,0,0,,0,2,2,14,7,0,0,0,0,,,1,3.4,2.4,,104,
500,MATT FLANAGAN,WAS,TE,2.4,23,3,1,0,0,0,0,0,0,0,,0,1,1,14,14,0,0,0,0,,,1,2.4,1.9,,105,
501,ROBERT GRIFFIN III,BAL,QB,0.8,28,3,0,2,6,21,0,0,0,0,,0,0,0,0,,0,0,0,0,,,1,0.8,0.8,,63,
502,JUSTIN HARDEE,NOR,WR,2,24,16,0,0,0,0,0,0,0,0,,0,1,1,10,10,0,0,0,0,,,1,2,1.5,,193,
503,KEON HATCHER,OAK,WR,1.8,24,3,0,0,0,0,0,0,0,0,,0,2,1,8,8,0,0,0,0,,,1,1.8,1.3,,196,
504,CHAD HENNE,KAN,QB,1.5,33,1,0,2,3,29,0,0,1,3,3,0,0,0,0,,0,0,0,0,,,1,1.5,1.5,,62,
505,ROBERT KELLEY,WAS,RB,0.8,26,2,0,0,0,0,0,0,4,8,2,0,0,0,0,,0,0,0,0,,,1,0.8,0.8,,146,
506,MARCUS KEMP,KAN,WR,1.7,23,16,0,0,0,0,0,0,0,0,,0,2,1,7,7,0,0,0,0,,,1,1.7,1.2,,200,
507,DARVIN KIDSY,WAS,WR,1.8,23,2,0,0,0,0,0,0,0,0,,0,2,1,8,8,0,0,0,0,,,1,1.8,1.3,,197,
508,ALLEN LAZARD,GNB,WR,1.7,23,1,0,0,0,0,0,0,0,0,,0,1,1,7,7,0,0,0,0,,,1,1.7,1.2,,199,
509,KHARI LEE,BUF,TE,1.5,26,2,0,0,0,0,0,0,0,0,,0,1,1,5,5,0,0,0,0,,,1,1.5,1,,111,
510,JOSH MALONE,CIN,WR,2.2,22,9,0,0,0,0,0,0,0,0,,0,5,1,12,12,0,0,0,0,,,1,2.2,1.7,,191,
511,J.D. MCKISSIC,SEA,WR,0.8,25,5,0,0,0,0,0,0,3,8,2.67,0,1,0,0,,0,0,0,0,,,1,0.8,0.8,,198,
512,JEREMY MCNICHOLS,IND,RB,0.4,23,1,0,0,0,0,0,0,2,4,2,0,0,0,0,,0,0,0,0,,,1,0.4,0.4,,147,
513,CHRISTINE MICHAEL,IND,RB,0.9,28,1,0,0,0,0,0,0,2,9,4.5,0,0,0,0,,0,0,0,0,,,1,0.9,0.9,,144,
514,JOHNNY MUNDT,LAR,TE,1.5,24,10,0,0,0,0,0,0,0,0,,0,1,1,5,5,0,0,0,0,,,1,1.5,1,,110,
515,JAMIZE OLAWALE,DAL,RB,3.3,29,16,4,0,0,0,0,0,0,0,,0,4,2,13,6.5,0,0,0,0,,,1,3.3,2.3,,142,
516,RICKY ORTIZ,ATL,RB,4.1,24,12,9,0,0,0,0,0,0,0,,0,4,3,11,3.67,0,0,0,0,,,1,4.1,2.6,,143,
517,CAM PHILLIPS,BUF,WR,1.9,23,2,0,0,0,0,0,0,0,0,,0,1,1,9,9,0,0,0,0,,,1,1.9,1.4,,194,
518,RICHARD RODGERS,PHI,TE,1.7,26,7,0,0,0,0,0,0,0,0,,0,1,1,7,7,0,0,0,0,,,1,1.7,1.2,,109,
519,DION SIMS,CHI,TE,2.9,27,8,4,0,0,0,0,0,0,0,,0,4,2,9,4.5,0,0,0,0,,,1,2.9,1.9,,108,
520,HAKEEM VALLES,DET,TE,3.1,26,3,0,0,0,0,0,0,0,0,,0,3,2,11,5.5,0,0,0,0,,,1,3.1,2.1,,106,
521,JUSTIN WATSON,TAM,WR,1.5,22,12,0,0,0,0,0,0,0,0,,0,3,1,5,5,0,0,0,0,,,1,1.5,1,,201,
522,DEREK WATT,LAC,RB,2.3,26,16,5,0,0,0,0,0,4,11,2.75,0,1,1,2,2,0,0,0,0,,,1,2.3,1.8,,141,
523,JOE WEBB,HOU,WR,3.3,32,16,0,0,0,0,0,0,0,0,,0,3,2,13,6.5,0,0,0,0,,,1,3.3,2.3,,189,
524,TIM WHITE,BAL,WR,2.4,24,3,0,0,0,0,0,0,0,0,,0,1,1,14,14,0,1,0,0,,,1,2.4,1.9,,188,
528,JEHU CHESSON,WAS,WR,1.3,25,12,0,0,0,0,0,0,1,-4,-4,0,2,1,7,7,0,0,0,0,,,,1.3,0.8,,202,
553,DE'ANGELO HENDERSON,NYJ,RB,-0.1,26,3,0,0,0,0,0,0,2,19,9.5,0,0,0,0,,0,1,1,0,,,,0.9,-0.1,,162,
556,DARRIUS HEYWARD-BEY,PIT,WR,1.2,31,14,2,0,0,0,0,0,1,-7,-7,0,2,1,9,9,0,0,0,0,,,,1.2,0.7,,203,
560,CHAD KELLY,DEN,QB,-0.1,24,1,0,0,0,0,0,0,1,-1,-1,0,0,0,0,,0,0,0,0,,,,-0.1,-0.1,,70,
568,A.J. MCCARRON,OAK,QB,0.1,28,2,0,1,3,8,0,0,3,-2,-0.67,0,0,0,0,,0,1,0,0,,,,0.1,0.1,,66,
579,MARK SANCHEZ,WAS,QB,0.3,32,2,1,19,35,138,0,3,1,8,8,0,0,0,0,,0,1,0,0,,,,3.3,3.3,,65,
580,MATT SCHAUB,ATL,QB,1.1,37,3,0,5,7,20,0,0,1,0,0,0,1,1,-7,-7,0,1,0,0,,,,1.1,0.6,,67,
590,DANNY VITALE,GNB,RB,1.2,25,5,0,0,0,0,0,0,0,0,,0,2,1,2,2,0,0,0,0,,,,1.2,0.7,,149,
593,BRANDON WEEDEN,HOU,QB,-0.1,35,1,0,0,0,0,0,0,1,-1,-1,0,0,0,0,,0,0,0,0,,,,-0.1,-0.1,,71,
596,JONATHAN WILLIAMS,NOR,RB,1.1,24,3,0,0,0,0,0,0,3,0,0,0,1,1,1,1,0,0,0,0,,,,1.1,0.6,,150,
598,JACOBY BRISSETT,IND,QB,-0.6,26,4,0,2,4,2,0,0,7,-7,-1,0,0,0,0,,0,0,0,0,,,-1,-0.6,-0.6,,73,
599,BRIAN HOYER,NWE,QB,-0.5,33,5,0,1,2,7,0,0,11,-8,-0.73,0,0,0,0,,0,0,0,0,,,-1,-0.5,-0.5,,72,
600,J'MON MOORE,GNB,WR,1.5,23,12,0,0,0,0,0,0,0,0,,0,3,2,15,7.5,0,1,1,0,,,-1,2.5,0.5,,237,
601,GENO SMITH,LAC,QB,-1.5,28,5,0,1,4,8,0,0,8,2,0.25,0,0,0,0,,0,1,1,0,,,-1,-0.5,-1.5,,74,
602,ROD STREATER,CLE,WR,-1.1,30,3,0,0,0,0,0,0,1,-11,-11,0,0,0,0,,0,0,0,0,,,-1,-1.1,-1.1,,238,
603,ROBERT TURBIN,IND,RB,0.3,29,2,0,0,0,0,0,0,4,10,2.5,0,2,1,3,3,0,1,1,0,,,-1,1.3,-0.2,,163,
604,KAELIN CLAY,NYG,,-2,26,2,0,0,0,0,0,0,0,0,,0,0,0,0,,0,1,1,0,,,-2,-1,-2,,242,
605,JJ JONES,2TM,WR,-0.7,26,4,0,0,0,0,0,0,1,0,0,0,1,1,3,3,0,2,1,0,,,-2,0.3,-1.2,,239,
606,KYLE LAULETTA,NYG,QB,-2.2,23,2,0,0,5,0,0,1,1,-2,-2,0,0,0,0,,0,0,0,0,,,-2,-1.2,-1.2,,75,
607,RILEY MCCARRON,NWE,,-2,25,1,0,0,0,0,0,0,0,0,,0,1,0,0,,0,1,1,0,,,-2,-1,-2,,241,
608,JOJO NATSON,LAR,,-2,24,13,0,0,0,0,0,0,0,0,,0,0,0,0,,0,2,1,0,,,-2,-1,-2,,240,
